Id,JP_Sales
1,0.09449614644176574
2,0.006269144450824271
3,0.011525400368046945
4,0.0
5,0.0
6,0.061838803118542174
7,0.0
8,0.07962226531938654
9,1.5614795115547468
10,0.0
11,0.07321312687450021
12,0.3730633208863985
13,0.16441963015136718
14,0.04919411719931421
15,0.0
16,0.0
17,0.03860184321823912
18,0.0
19,0.17087717046746587
20,0.0
21,0.36656974617940374
22,0.4449094072340456
23,0.13548499423695937
24,0.0
25,0.0
26,0.14124837409850333
27,0.016787525576415163
28,0.04150261837324898
29,0.00027554106026084213
30,0.003427836912019977
31,0.3555403166174722
32,0.025759933028218107
33,0.14298712006895187
34,0.026905562839250052
35,0.05960535644538911
36,0.05735505310541367
37,0.0
38,0.20291301258823324
39,0.04457573613487842
40,0.31784311585693636
41,0.012712569392919093
42,0.0
43,0.03661533763854319
44,0.025982451829833053
45,0.0017465126055968838
46,0.05238199938026611
47,0.12307821331314006
48,0.03126320823513673
49,0.03877099752106972
50,0.10933130023519766
51,0.14525925239047943
52,0.04230040106771771
53,0.046250573835130204
54,0.0
55,0.027648784448858876
56,0.09264950076222522
57,0.04488948633814971
58,0.08692219525335343
59,0.04864502665250292
60,0.018424189303900995
61,0.014132202650721126
62,0.0
63,0.0029445861105603655
64,0.10884487097688034
65,0.0
66,0.10220914447403029
67,0.01768339769204008
68,0.10931328819962349
69,0.03227964457993249
70,0.06594139776864782
71,0.0
72,0.042625437681076406
73,0.6112002271535859
74,0.5815417088083876
75,0.0
76,0.127218665404083
77,0.0
78,0.010707485088929936
79,0.1602885070993949
80,0.0
81,1.0004364665195173
82,0.1397658231481591
83,0.0325121634913641
84,0.0
85,0.34599963137960454
86,0.01340739422926518
87,0.0
88,0.0
89,0.015393147098743398
90,0.0
91,0.05954629491869046
92,0.003112258945505708
93,0.3005796870867652
94,0.006953179483138783
95,0.0
96,0.0
97,0.0
98,0.005813020897281085
99,0.11991432528550483
100,0.0
101,0.0
102,0.0
103,0.0
104,0.044132735098203923
105,0.15602982082771533
106,0.033367785409410544
107,0.0
108,0.06994003075000776
109,0.0
110,0.01417350072936241
111,0.10951798806990443
112,0.0
113,0.0
114,0.0
115,0.13677058393435626
116,0.12331647881854213
117,0.12376810513863568
118,0.010197333506617667
119,0.009602941603921167
120,0.2877908736742958
121,0.03877099752106972
122,0.02162840916229314
123,0.022448425746470768
124,0.0
125,0.0
126,0.010513266088020501
127,0.14785807168471177
128,0.0036112352112294133
129,0.22234597611809104
130,0.018062947465528723
131,0.0
132,0.0
133,0.08967588208254362
134,0.02149960907023285
135,0.0
136,0.021082657203409738
137,0.049241235903201286
138,0.05231175539103816
139,0.1087850960687371
140,0.20904851288226833
141,0.5199064620582936
142,0.1570063130427819
143,0.0
144,0.0
145,0.28547792930195204
146,0.0
147,0.0
148,0.04298502805526372
149,0.0
150,0.05317685221544366
151,0.04723390362784663
152,0.05331994043824917
153,0.037308146653084684
154,0.0
155,0.03537706783352945
156,0.04826862353626549
157,0.11042983899764014
158,0.0
159,0.19349909716956937
160,0.01011864235587634
161,0.0
162,0.0
163,0.03532763388327442
164,0.2141003647736257
165,0.3895529789813974
166,0.16109413108322101
167,0.04058896990945815
168,0.12216733724339868
169,0.0
170,0.06888629626456755
171,0.212655789258843
172,0.0
173,0.06551915349433823
174,0.08965040935202584
175,0.0
176,0.0
177,0.007883043247024268
178,0.0
179,0.0
180,0.055458498341139695
181,0.06308155452641628
182,0.0
183,0.10454235097150377
184,0.0
185,0.019828671066229653
186,0.0
187,0.07628299537273087
188,0.11056597293492043
189,0.09895759460707332
190,0.008608170113704183
191,0.039637985628729666
192,0.0
193,0.0
194,0.0
195,0.0
196,0.049298036344668006
197,0.0
198,0.0
199,0.012624879981565584
200,0.7900981377643101
201,0.09435705677319284
202,0.0
203,0.01783073176064942
204,0.0
205,0.030835828444006452
206,0.0
207,0.06108191340258262
208,0.1378014364707303
209,0.06817991821399261
210,0.0
211,0.028924445716561387
212,0.004280137196819744
213,0.10857256097695611
214,0.1999711942819138
215,0.010088443836609784
216,0.022064905591467898
217,0.0
218,0.0
219,0.0
220,0.0918747929661059
221,0.0
222,0.0
223,0.024347638271597916
224,0.0
225,0.0
226,0.08326986526537627
227,0.0
228,0.3756681769144139
229,0.014911492882551336
230,0.05747710348182533
231,0.07073208038135625
232,0.077116961525868
233,0.0
234,0.0
235,0.0
236,0.061508000941004504
237,0.04378045818271925
238,0.15565562439265168
239,0.0
240,0.668597701862673
241,0.15411027578263603
242,0.0
243,0.07090226638901598
244,1.1033190125867556
245,0.0
246,0.3449891883140346
247,0.0070047920668852015
248,0.13426182792122265
249,0.014323881070617439
250,0.08441799144407636
251,0.05643598231822544
252,0.14228020130902497
253,0.0
254,0.2785453739478836
255,0.07045473814278846
256,0.013391637195241834
257,0.22915783520237554
258,0.0
259,0.0
260,0.06235638854613512
261,0.03986400689898506
262,0.0
263,0.0
264,0.0
265,0.0
266,0.0
267,0.0
268,0.0
269,0.0
270,0.041213693379974714
271,0.0
272,0.010354260286804085
273,0.1430808462207045
274,0.11525206174014624
275,0.0
276,0.0094419452230321
277,0.0766499880305318
278,0.015962888504393646
279,0.013997153520785233
280,0.0
281,0.12689854518204857
282,0.022077018576836416
283,0.0
284,0.02509617738496228
285,0.02138368984873562
286,0.16738291930152194
287,0.0
288,0.13132331592900037
289,0.017141949474598128
290,0.03062536496290935
291,0.0
292,0.16873252679904827
293,0.03354738484333275
294,0.04223441833042507
295,0.0
296,0.1582550056356382
297,0.0
298,0.0
299,0.0
300,0.0
301,0.04128649485236924
302,0.005813020897281085
303,0.22458557607416374
304,0.001916737345409203
305,0.36884036587416436
306,0.6269698384548859
307,0.0
308,0.08619759955889084
309,0.07621407675492975
310,0.1769257220681535
311,0.1313095494542491
312,0.0890801832046959
313,0.0
314,0.0312466729987797
315,0.0
316,0.07617900411661616
317,0.0
318,0.13319906038427742
319,0.005137540212845515
320,0.11054554362936919
321,0.0
322,0.0861638047409663
323,0.13564063339736698
324,0.008083640592041696
325,0.0058379170087201615
326,0.0
327,0.14115720792502273
328,0.0
329,0.0
330,0.0
331,0.43510038510555393
332,0.0
333,0.0
334,0.009768440031995063
335,0.06788733548970693
336,0.08137838332002367
337,0.0
338,0.0
339,0.0012853793740115194
340,0.0
341,0.024555103393045563
342,0.0
343,0.0
344,0.10086204037546764
345,0.047537156172128725
346,0.0
347,0.0203842313863678
348,0.06545081149317955
349,0.46627342577765774
350,0.0054160361595210205
351,0.18415919212598642
352,0.0
353,0.004979737220780045
354,0.04979644072148215
355,0.17028164950034608
356,0.1636730739039125
357,0.03360613805759183
358,0.25999572874335986
359,0.14062434197921103
360,0.04058202422119628
361,0.09801094143168587
362,0.0
363,0.037992807285584185
364,0.05625403297592424
365,0.024865899333923025
366,0.0
367,0.0
368,0.0
369,0.019828671066229653
370,3.7343609484669154
371,0.036686996670302285
372,0.0
373,0.1923079562348926
374,0.0
375,0.003060992378511429
376,0.020966122955608846
377,0.003827233759266413
378,0.015134835231355837
379,0.09639530044165312
380,0.0
381,0.19990344846648167
382,0.039895641181357355
383,0.2545440391810976
384,0.0
385,0.0
386,0.0
387,0.03067854292153349
388,0.0
389,0.0
390,0.0
391,0.16030673283253982
392,0.21653673075680224
393,0.08348585891458882
394,0.0
395,0.12026062975494956
396,0.0
397,0.0
398,0.0
399,0.0
400,0.0034618639398731332
401,2.2527922540204672
402,0.05122128515813262
403,0.3382303111024907
404,0.06142671361902163
405,0.033045103192612224
406,0.10824403361374824
407,0.0
408,0.0
409,0.4298831615398049
410,0.08475697914423641
411,0.9685100452605155
412,0.032950642425888965
413,0.0
414,0.07216283752129904
415,0.08344200393216727
416,0.23348984398044248
417,0.3056282226329703
418,0.023565970252268365
419,0.027774873480550966
420,0.0
421,0.0
422,0.1342658597772397
423,0.0
424,0.0
425,0.018538392910308232
426,0.022700373430019738
427,0.06380970560898191
428,0.04984047806578662
429,0.009145376885929757
430,0.0
431,0.058929010643464785
432,0.3351139475844054
433,0.02574301514275046
434,0.17192415869104494
435,0.07268602899762211
436,0.0
437,0.7308821003110224
438,0.0
439,0.0
440,0.0
441,0.010905824935449004
442,0.0
443,0.019828671066229653
444,0.007929479766615621
445,0.11340870627965316
446,1.0978697035457405
447,0.4386496872386161
448,0.10442525553974846
449,0.0
450,0.0
451,0.0
452,0.0
453,0.036776462402603016
454,0.04567349781469687
455,0.10489630347348555
456,0.0
457,0.0
458,0.2134905461014256
459,0.0
460,0.20568088477080604
461,0.0
462,0.0
463,0.031815590665057236
464,0.1415264915070118
465,0.18904212025163503
466,0.0
467,0.0816589601142459
468,0.0
469,0.00825396155079794
470,0.0
471,0.0
472,0.09373405433763793
473,0.6791485581505343
474,0.0
475,0.04223490486164749
476,0.11428450087002062
477,0.014289016399498422
478,0.0
479,0.08127237979308521
480,0.0
481,0.0
482,0.07202365355316065
483,0.04590110903090583
484,0.06455496741160704
485,0.19263399654389346
486,0.09421454912705052
487,0.16911264485370303
488,0.0
489,0.0
490,0.02320032856961518
491,0.055926624389393886
492,0.05828610369984588
493,0.09515643908440552
494,0.29611016382827415
495,0.1685062292943007
496,0.032314330101599786
497,0.0
498,0.08852211384708131
499,0.15411027578263603
500,0.0
501,0.0
502,0.0
503,0.0
504,0.0
505,0.0
506,0.04188147088290162
507,0.4586939747477974
508,0.08371362542646565
509,0.0
510,0.21693322476780974
511,0.006710141895061028
512,0.1446567587240981
513,0.2323638779774546
514,0.16753474469786145
515,0.0852483549268257
516,0.0
517,0.08051511124696287
518,0.03931311412922156
519,0.4315396235971569
520,0.042931707269346475
521,0.14165075314177766
522,0.0
523,0.0
524,0.07998881777440836
525,0.0
526,0.35053350500264013
527,0.0
528,0.02330711838433608
529,0.0
530,0.0019905538002422674
531,0.03422975813154672
532,0.9164934005913228
533,0.07454059852487394
534,0.0
535,0.05288538667152398
536,0.11137973721254646
537,0.0401235878736621
538,0.10267447902419224
539,0.6103627054174652
540,0.20599268244346547
541,0.0012515146237124242
542,0.038735934483836054
543,0.0
544,0.03222148728134666
545,0.025438300663059188
546,0.03997941385205994
547,0.027147293383654514
548,0.20972487167251685
549,0.0
550,0.0722168655990103
551,0.012958572068255236
552,0.014273738122041024
553,0.014272689022610585
554,0.0
555,0.048824715161128296
556,0.0
557,0.08803021256199361
558,0.1571088888322194
559,0.16801102980558458
560,0.025823591358213882
561,0.08576877068313049
562,0.0
563,0.027314661861688627
564,0.4311207664568304
565,0.004596885478979296
566,0.0
567,0.014871329779836628
568,0.0
569,0.0
570,0.0430658086629121
571,0.0
572,0.05887315052458675
573,0.07351700686178919
574,0.09349536740286357
575,0.0
576,0.0
577,0.40062205326643596
578,0.07868888075019154
579,0.08579333054802873
580,0.0
581,0.40037669993341574
582,0.003314339916298259
583,0.01610462304925253
584,0.0
585,0.03937955452037123
586,0.0
587,0.08785395726855416
588,0.0
589,0.07328529287071817
590,0.18251215148064226
591,0.03561613841190692
592,0.07294245483569917
593,0.06231869142510327
594,0.0
595,0.09184636770984955
596,0.047839029903933294
597,0.2735851122093864
598,0.008911447099053227
599,0.0
600,0.016799454090614674
601,0.007565423906122248
602,0.07381294620581969
603,0.08962837801991874
604,0.0
605,0.0
606,0.11366062499301233
607,0.0767581049885333
608,0.058987254149010404
609,0.11497662872276404
610,0.011017223485516148
611,0.0
612,0.030950535750722707
613,0.033323613378466455
614,0.1891708498921414
615,0.0
616,0.02688743040076247
617,0.0
618,0.2996441416539577
619,0.2717335148636
620,0.09151107651477286
621,0.02853262956290692
622,0.07244950282477625
623,0.23216717889577243
624,0.0
625,0.021922122981530734
626,0.1967391807925578
627,0.0
628,0.021498398568117416
629,0.0
630,0.07504911939144687
631,0.22606183955810888
632,0.024528123866095264
633,0.1414991147885365
634,0.011184764257391677
635,0.38055584902991235
636,0.0
637,0.0
638,0.0
639,0.0
640,0.012828125047895433
641,0.4613279045095364
642,0.0
643,0.0
644,0.0428479091498124
645,0.07006039288386123
646,0.2547737665562728
647,0.0
648,0.02547094826437668
649,0.0
650,0.020315946399231066
651,0.42381732711931797
652,0.07123083003211583
653,0.0
654,0.0
655,0.0
656,0.000997792956817456
657,0.0
658,0.0
659,0.027379748386525904
660,0.3123535864537814
661,0.003912488148303694
662,0.0
663,0.0
664,0.07270352998402707
665,0.09771819067927723
666,0.16520296377812116
667,0.415684001413517
668,0.31474018845858875
669,0.0
670,0.09819559227399033
671,0.23803600207435416
672,0.009790897734654358
673,0.38194370120157917
674,0.0746366818054085
675,0.0212518815359104
676,0.0
677,0.0647279112614445
678,0.1617767412438713
679,0.0
680,0.0
681,0.013016811981945153
682,0.0
683,0.13592394293229404
684,0.03215522617711386
685,0.16809637863314553
686,0.0
687,0.0
688,0.7526985476808399
689,0.015917378385984726
690,0.0
691,0.12279575657402741
692,0.06825390948067511
693,0.1692839363865728
694,0.0
695,0.1343837912088217
696,0.0
697,0.08380410386312231
698,0.037187312465478684
699,0.0
700,0.0
701,0.0513820251775563
702,0.0
703,0.34746914499514236
704,0.00525983289949572
705,0.01635223780485262
706,0.0
707,0.10813015573141183
708,0.0
709,0.22801052550039191
710,0.0
711,0.03707343065309221
712,0.0
713,0.0
714,0.007039684331288321
715,0.06981069802349182
716,0.06264840816254669
717,0.4272781524774949
718,0.0
719,0.0
720,0.04869167827473131
721,0.3553408588175673
722,0.0
723,0.11327788083849377
724,0.025346827188409193
725,0.0
726,0.19488991186505977
727,0.0005802851375209528
728,0.0
729,0.0
730,0.09950425044313338
731,0.028248472297753402
732,0.05755261865134198
733,0.07743630471408114
734,0.0
735,0.0
736,0.060844616984375044
737,0.0
738,0.0
739,0.03349388126764552
740,0.02521161701295327
741,0.15187446083141065
742,0.006386605470809492
743,0.5632632282821106
744,0.11612514728390799
745,0.06827251994192274
746,0.0
747,0.0711740532354419
748,0.0
749,0.05727567522392896
750,0.08562433580756323
751,0.0
752,0.23889097152909766
753,0.0
754,0.0502804355794737
755,0.0
756,0.13127601315098314
757,0.0
758,0.004037260932671316
759,0.16267667788194373
760,0.020713339938069453
761,0.0762924731136101
762,0.05412245234901647
763,0.045532713656776025
764,0.048705752198531904
765,0.0
766,0.0
767,0.09884834655394403
768,0.0
769,0.0
770,0.031866116607837114
771,0.0
772,0.0
773,0.04750129147872695
774,0.041211454779777945
775,0.024386930366878445
776,0.0
777,0.36977169722641
778,0.24878240085352932
779,0.0
780,0.0
781,0.13101401947925684
782,0.019156045206289107
783,0.09987755100077944
784,0.04326959939767505
785,0.0
786,0.7923687574590716
787,0.005018900543031002
788,0.027177889745401806
789,0.029761438561314968
790,0.09589350350794934
791,0.054758857599199295
792,0.1170020105011993
793,0.0
794,0.0
795,0.25220033025027355
796,0.03745573475580333
797,0.0
798,0.1278873016354325
799,0.02275596338795527
800,0.0
801,0.16157367394023403
802,0.3331372101595278
803,0.020925681753364955
804,0.274148475134381
805,0.15038436694349322
806,0.0
807,0.02264839943288255
808,0.14244537594241446
809,0.007246351753845914
810,0.017017406932713364
811,0.027823110089697067
812,0.0
813,0.0
814,0.05122954918801881
815,0.0026663272311333586
816,0.0
817,0.0
818,0.21350330286471575
819,0.0
820,0.0
821,0.0
822,0.005699784592894552
823,0.022077018576836416
824,0.02691479200972058
825,0.04218892691781395
826,0.09471392849111826
827,0.0
828,0.003688947208608795
829,0.0
830,0.0
831,0.019022411694620267
832,0.08225190159216744
833,0.18697081730833265
834,0.1420364428429215
835,0.005813020897281085
836,0.07503578061964333
837,0.14524938206017612
838,0.026618257966359415
839,0.017090228279650788
840,0.0
841,0.17468526714680266
842,0.06279110749728645
843,0.0
844,0.0
845,0.0
846,0.0
847,0.0
848,0.09430710716442192
849,0.0
850,0.01315014595651931
851,0.022912612903779106
852,0.0
853,0.4247848226675517
854,0.0
855,0.16992709495248182
856,0.13916592641369352
857,0.07808019989164539
858,0.45510568217955427
859,0.04312957097379666
860,0.022077018576836416
861,0.7953133575938649
862,0.04592248432315493
863,0.0
864,0.027469026426525822
865,0.012254279115333944
866,0.2981862125293553
867,0.04183749683912641
868,0.02547094826437668
869,0.2824732192832844
870,0.088511148415515
871,0.0762924731136101
872,0.0
873,0.0
874,0.025754667540378584
875,0.01497820865425048
876,0.06962669667321819
877,0.0
878,0.0
879,0.0518909474400564
880,0.5413346963267793
881,0.10070692937951709
882,0.0
883,0.0
884,0.11071747185482383
885,0.0
886,0.030025570723396733
887,0.0
888,0.0
889,0.06091919763254783
890,0.0
891,0.003957725936063028
892,0.045945241287294714
893,0.11147302105724499
894,0.0
895,0.06506324067527025
896,0.13479684436577877
897,0.12556054701796882
898,0.0
899,0.03459778333969421
900,0.0199080211350271
901,0.03321946987141011
902,0.07417560809567192
903,0.0
904,0.07931069508816613
905,0.09676676613652813
906,0.02218698017234466
907,0.020663421998347253
908,0.0
909,0.12835863349624255
910,0.2126079606841671
911,0.09346108149127463
912,0.15411027578263603
913,0.0
914,0.0
915,0.006002634032580723
916,1.5025633848475697
917,0.0
918,0.04668553476174342
919,0.0
920,0.0
921,0.03279238156360087
922,0.3915929975728467
923,0.17454177216033706
924,0.24603432444665696
925,0.5503076578075108
926,0.0
927,0.03472279692776237
928,0.0
929,0.036742975768591535
930,0.23334226009714154
931,0.4985755976473971
932,0.08584562511243288
933,0.05341982994368255
934,0.05798037657072719
935,0.00018422751588165198
936,0.10597139408446132
937,0.010044933058466654
938,0.05900331138245729
939,0.022077018576836416
940,0.5608583025742719
941,0.03425714681571179
942,0.0
943,0.09533071863598508
944,0.009545336541653349
945,0.14715336102898569
946,0.02123320775469484
947,0.0
948,0.0
949,0.0
950,0.2592658127426164
951,0.0
952,0.07058238196623368
953,0.0
954,0.0
955,0.06181858962879261
956,0.10759753001195271
957,0.041570413884060464
958,0.0
959,0.0
960,0.07538914262231167
961,0.09946385399766022
962,0.09532031273495534
963,0.0
964,0.0
965,0.390209192167303
966,0.16205775516316923
967,0.0
968,0.1639148469562013
969,0.056664389548402916
970,0.11722305218580686
971,0.04899544860327598
972,0.0
973,0.0750321474553095
974,0.01478328695647324
975,0.0
976,0.01777266846033143
977,0.11427659050769812
978,0.030265322161395325
979,0.0002937590942257984
980,0.050129674218013065
981,0.0982376646116574
982,0.0
983,0.0
984,0.0
985,0.0
986,0.0
987,0.0
988,0.07125114626064821
989,0.10894716633217882
990,0.0
991,0.0
992,0.0
993,0.047109349972227044
994,0.0
995,0.21372633831227628
996,0.0
997,0.0
998,0.0
999,0.05249539020902372
1000,0.4600287694112142
1001,0.07453010392002035
1002,0.018177727110582964
1003,0.05702130157893226
1004,0.28453184299430134
1005,0.0
1006,0.014851809624286894
1007,0.06588584516190465
1008,0.0
1009,0.8692204466619411
1010,0.015944104303671658
1011,0.04104161721583033
1012,0.0
1013,0.27324328189553526
1014,0.0
1015,2.550932463215543
1016,0.02580412511117469
1017,0.0
1018,0.024996145377730983
1019,0.018089322713711553
1020,0.0
1021,0.14296283083309191
1022,0.09314684874253132
1023,0.013997153520785233
1024,0.0
1025,0.03650037782630733
1026,0.0
1027,0.243576364541914
1028,0.13712542543993056
1029,0.0759011866118735
1030,0.10333699491900727
1031,0.09019628577451488
1032,0.10596994118535719
1033,0.31223474450912647
1034,0.0
1035,0.0
1036,0.0
1037,0.3125569695978241
1038,0.3373667555765323
1039,0.8144171424055497
1040,0.26224659875309264
1041,0.0
1042,0.3544048936393249
1043,0.08059340330349762
1044,0.9691924970065413
1045,0.7907721182043406
1046,0.15203794380703872
1047,0.06124083313961037
1048,0.0
1049,0.0
1050,0.06241908300253485
1051,0.0
1052,0.00034634905740205113
1053,0.03423460229515829
1054,0.04419914931510949
1055,0.007373893693741529
1056,0.2989924134952666
1057,0.08267161791727684
1058,0.0
1059,0.0
1060,0.0
1061,0.045644851304455614
1062,0.017558051371468153
1063,0.017535779187313416
1064,0.0
1065,0.28914311678220184
1066,0.15654222265904316
1067,0.0
1068,0.15070908019441642
1069,0.0
1070,0.0
1071,0.046389614883755925
1072,0.18135488906736974
1073,0.08408348815838718
1074,0.015253046507183399
1075,0.0
1076,0.0
1077,0.0
1078,0.056065649413320706
1079,0.0
1080,0.034348836847946096
1081,0.022553361403196526
1082,0.0
1083,0.0
1084,0.025283251622993497
1085,0.0
1086,0.13683058195218312
1087,0.0
1088,0.0
1089,0.009402520226041489
1090,0.4904311491676099
1091,0.012393786375444193
1092,0.0
1093,0.39316191005759027
1094,0.014033913626401606
1095,0.0
1096,0.0
1097,0.008913610870337152
1098,0.03488729473491592
1099,0.03486790978673593
1100,0.0457755978662977
1101,0.0
1102,0.08402324006069595
1103,0.026920528854375014
1104,0.1203281471716231
1105,0.0
1106,0.0
1107,0.19151830342076614
1108,0.13396481691489193
1109,0.0
1110,0.0
1111,0.07843899351422046
1112,0.0
1113,0.0
1114,0.38875592772773526
1115,0.023953808558882628
1116,0.0
1117,0.0638911606056185
1118,0.030205490092088283
1119,0.0
1120,0.04902073835422982
1121,0.07569395334942364
1122,0.0
1123,0.09709813055115468
1124,0.0
1125,0.0
1126,0.0
1127,0.0
1128,0.11087900918625415
1129,0.0
1130,0.005241402291572328
1131,0.08621024358380414
1132,0.3138670531781367
1133,0.01535342522912142
1134,0.0
1135,0.017789718690167433
1136,0.0
1137,0.045129934886422696
1138,0.0
1139,0.0
1140,0.15222150301921378
1141,0.0
1142,0.0
1143,0.03986816427447515
1144,0.10961655738615317
1145,0.013997153520785233
1146,0.005237646507764815
1147,0.06765647606865954
1148,0.0
1149,0.0
1150,0.0
1151,0.2292135140051288
1152,0.0
1153,0.054808852591738955
1154,0.07912778854760205
1155,0.0
1156,0.0
1157,0.0
1158,0.0710710702714552
1159,0.0
1160,0.034682460144391136
1161,0.0
1162,0.033538023950286266
1163,0.07879976850412707
1164,0.0
1165,0.17909578462348996
1166,0.02076600163157938
1167,0.42499198296123275
1168,0.07634787176800817
1169,1.0765735686171833
1170,0.06898853945904015
1171,0.055581608591870335
1172,0.0
1173,1.1478328074229047
1174,0.003958450841249572
1175,0.04297291981727458
1176,0.0
1177,0.1798270570863867
1178,0.3001131961911314
1179,0.9947847020737126
1180,0.20494867345713708
1181,0.0
1182,0.04948150603995405
1183,0.0
1184,0.019663117609139746
1185,0.0
1186,0.0
1187,0.0006744278846007035
1188,0.04128330562798865
1189,0.3748004028275016
1190,0.0
1191,0.0803589237717155
1192,0.1590904638674937
1193,0.003367691743960677
1194,0.0
1195,0.2155655949432962
1196,0.012641701248874426
1197,0.008716439357291605
1198,0.0
1199,0.18966345594466016
1200,0.06014115508965201
1201,0.004936946925894858
1202,0.0
1203,0.015803751162159152
1204,0.03180278241453305
1205,0.06758793679813291
1206,0.0
1207,0.01128771223478342
1208,0.041197956800427704
1209,0.12544421274727657
1210,0.0
1211,0.016621851764013762
1212,0.15241270891465852
1213,0.0072838945805973054
1214,0.0
1215,0.02089316733845248
1216,0.14364988536541645
1217,0.0
1218,0.05523770480995438
1219,0.0
1220,0.0
1221,0.26328258878782584
1222,0.08990654060109105
1223,0.20495455759600834
1224,0.019828671066229653
1225,0.274019694455232
1226,0.0
1227,0.031159497355881527
1228,0.0001394777834677896
1229,0.038271702168207966
1230,0.0
1231,0.14511401062237006
1232,0.09501610201949617
1233,0.005547204447086784
1234,0.0
1235,0.0
1236,0.042407622799713884
1237,0.48658097270863454
1238,0.05776377176038405
1239,0.0726212136175226
1240,0.0067782819250892246
1241,0.0
1242,0.07852718624663702
1243,0.0
1244,0.04207366373229249
1245,0.03245222499195055
1246,0.0447090550853293
1247,0.018321752068753305
1248,0.07350796381498803
1249,0.08393962388904264
1250,0.0
1251,0.03519497352453893
1252,0.0
1253,0.03083506719814011
1254,0.0
1255,0.05512565937198399
1256,0.0
1257,0.0
1258,0.0
1259,0.0
1260,0.10474077258581094
1261,0.009148739188436394
1262,0.08924329354976202
1263,0.0
1264,0.2779881135121762
1265,0.023953808558882628
1266,0.004993930479234798
1267,0.2223872266866067
1268,0.10142870179583419
1269,0.0
1270,0.06479744148536337
1271,0.0812422481980759
1272,0.43940050837908906
1273,0.0
1274,0.09879569741913219
1275,0.0
1276,0.18031965175569376
1277,0.8860301693230279
1278,0.022077018576836416
1279,0.06741952070361634
1280,0.0
1281,0.0
1282,0.08413549021034328
1283,0.054543076970649196
1284,0.05187204877436358
1285,0.0024751609668305363
1286,0.2630097015993096
1287,0.02320032856961518
1288,0.06529642524227341
1289,0.0
1290,0.17613703728798313
1291,0.003150170366142291
1292,0.029523156355645064
1293,0.0
1294,0.014308531147116277
1295,0.0
1296,0.010718218244171851
1297,0.11208090318792685
1298,0.07989773104146725
1299,0.9620886316224553
1300,0.08095440877291615
1301,0.2476534040358791
1302,0.03202836150747235
1303,0.0
1304,0.06429623069894141
1305,0.0038281658149319497
1306,0.0
1307,0.0873335535765829
1308,0.06413210312321826
1309,0.05268263609354573
1310,0.06115262966951196
1311,0.0811763984361411
1312,0.007358298863326063
1313,0.0
1314,0.0
1315,0.07686858457835033
1316,0.010441949698156705
1317,0.04409437810449468
1318,0.02748146867297585
1319,0.0
1320,0.14813987035532872
1321,0.014994633630998067
1322,0.0
1323,0.02121744798907521
1324,0.007418074623601889
1325,0.2748383623419608
1326,0.0
1327,0.0
1328,0.21553411703380654
1329,0.0
1330,0.0
1331,0.00851787252907954
1332,0.20740440478776367
1333,0.3525653555540078
1334,0.019773894032216965
1335,0.004264778331980246
1336,0.0
1337,0.021484040299459828
1338,0.19070620252792914
1339,0.017915692768791125
1340,0.12205643068761507
1341,0.09931902009597682
1342,0.0
1343,0.0
1344,0.0
1345,0.49012871547098946
1346,0.11849282768738334
1347,0.35853543297295953
1348,0.0
1349,0.0
1350,0.011300845742595378
1351,0.021710349284811414
1352,0.1994193076388191
1353,0.1571088888322194
1354,0.0
1355,0.0
1356,0.0
1357,0.0
1358,0.0
1359,0.13266174912055106
1360,0.06351248940524723
1361,0.0
1362,0.6805051902888466
1363,0.0
1364,0.08948724031574073
1365,0.0
1366,0.11282295713197854
1367,0.0
1368,0.0
1369,0.02409271938013191
1370,0.0
1371,0.0
1372,0.3325641573327438
1373,0.34287513939554426
1374,0.014305759886572567
1375,0.045912201643378836
1376,0.0
1377,0.13011322008849557
1378,0.06046217502765305
1379,0.0
1380,0.10325548181201771
1381,0.017643383938688473
1382,0.0
1383,0.05649213138543541
1384,0.02724256476583964
1385,0.03148717618241914
1386,0.5675655232390584
1387,0.07501150368396292
1388,0.0372295196661403
1389,0.06688825553855704
1390,0.14374791768404016
1391,0.23524390779071602
1392,0.08673177780738683
1393,0.004682216935602668
1394,0.022077018576836416
1395,0.15389311006841666
1396,0.12169352907748454
1397,0.32321857439528223
1398,0.014160103592372408
1399,0.007157342368704356
1400,0.013523272233238792
1401,0.019026587138465167
1402,0.061048171627518855
1403,0.009449404199869171
1404,0.0
1405,0.14257535510181718
1406,0.0
1407,0.0
1408,0.0
1409,0.35055743122129
1410,0.03302426641346834
1411,0.32785124783548003
1412,0.0
1413,0.056444626296353384
1414,0.233234478712383
1415,0.02156952766316067
1416,0.28751900685590837
1417,0.09920705574236077
1418,0.0
1419,0.032623985434674374
1420,0.0
1421,0.04148695790732493
1422,0.0
1423,0.0
1424,0.10283636751474123
1425,0.005745738975745596
1426,0.11439132388120843
1427,0.03388128858950612
1428,0.005529924957587973
1429,0.0
1430,0.014980676290702988
1431,0.29091002114230147
1432,0.0
1433,0.11991432528550483
1434,0.02762331927901407
1435,0.003908852244463468
1436,0.1390415147037798
1437,0.019806398882074916
1438,0.0
1439,0.0
1440,0.0
1441,0.0451375658862867
1442,0.0
1443,0.0
1444,0.08504306387787786
1445,0.053834658146007186
1446,0.03641977426731824
1447,0.06852500308099341
1448,0.0
1449,0.0
1450,0.0
1451,0.165760343928814
1452,0.0
1453,0.01595420576550577
1454,0.012013848508544811
1455,0.11553111546372374
1456,0.02310017192375291
1457,0.0
1458,0.06525532324560857
1459,0.060595714615733876
1460,0.10424087867304621
1461,0.0
1462,0.09689227613407514
1463,0.0
1464,0.08843442443572869
1465,0.0
1466,0.0
1467,0.051157472809245874
1468,0.24262727610037604
1469,0.0
1470,0.15241270891465852
1471,0.04761380657097014
1472,0.04096165032900423
1473,0.00896724840558516
1474,0.020758569422747897
1475,0.054361831538626504
1476,0.07993523911404754
1477,0.05613004694826085
1478,0.0058665964477748744
1479,0.12169075774517335
1480,0.0
1481,0.0006103425345269642
1482,0.07918717374644935
1483,0.08816431669344293
1484,0.037259784913715066
1485,0.28234461333760486
1486,0.46933434802082896
1487,0.0347756047525829
1488,0.09719323430289872
1489,0.017535779187313416
1490,0.1689494502288582
1491,0.02089670201642324
1492,0.0
1493,0.11217604775010859
1494,0.0
1495,0.0
1496,0.09719323430289872
1497,0.0
1498,0.023705260877229684
1499,0.0
1500,0.026000310664422877
1501,0.0
1502,0.008835366711259951
1503,0.3104877277886535
1504,0.05590050055171325
1505,0.0007368163705061548
1506,0.0
1507,0.01998241996986483
1508,0.1684895776781321
1509,0.0
1510,0.31553505541583426
1511,0.050077700961213445
1512,0.054967117475903216
1513,0.0
1514,0.39160161151385964
1515,0.0
1516,0.015364272434515769
1517,0.0
1518,0.3308665904647663
1519,0.3331372101595278
1520,0.010801273808029421
1521,0.09347581714124065
1522,0.0
1523,0.0
1524,0.0
1525,0.7863546009168183
1526,0.18080619962128264
1527,0.06972580672611084
1528,0.08334306576260708
1529,0.0
1530,0.09265199491337572
1531,0.1169508733272302
1532,0.3425347127642686
1533,0.9199048599071133
1534,0.5095595317830686
1535,0.10348222577292887
1536,0.26067898662066824
1537,0.12830059529658566
1538,0.17729873740509916
1539,0.06565074316421082
1540,0.03165356971268274
1541,0.0
1542,0.06678498375890918
1543,0.0
1544,0.0
1545,0.0041748897819937625
1546,0.0
1547,0.0
1548,0.44078135488065584
1549,0.23511522085831427
1550,0.0
1551,0.0
1552,0.15014208921989702
1553,0.033510160653706045
1554,0.0
1555,0.0
1556,0.05293586409230233
1557,0.0
1558,0.03589740377893946
1559,0.19399781972034713
1560,0.09302210266808864
1561,0.13173512598238357
1562,0.06791619211969557
1563,0.010354260286804085
1564,0.055112980090368247
1565,0.0
1566,0.3698885314467679
1567,0.010338722690375945
1568,0.006382643566958279
1569,0.37111098556892674
1570,0.0
1571,0.0
1572,0.2246578463813691
1573,0.0
1574,0.0
1575,0.1276755985863698
1576,0.13133503610381325
1577,0.0
1578,0.0
1579,0.028976567072474424
1580,0.036309834475918734
1581,0.012405629099784043
1582,0.01698495947970713
1583,0.08737455181035436
1584,0.0
1585,0.012718570088982695
1586,0.06106112805414288
1587,0.12752240521791958
1588,0.036359718914543926
1589,0.032509104853407855
1590,0.5369511676151344
1591,0.224863855247043
1592,0.09191744921253608
1593,0.0
1594,0.024270955406425543
1595,0.5142759725328396
1596,0.0
1597,0.045352216257136035
1598,0.2147706276525323
1599,0.0
1600,0.008224965787301919
1601,0.03153126192439526
1602,0.1371869172386635
1603,0.3813735431221428
1604,0.03782825665981182
1605,0.02804306311085547
1606,0.23881757942258197
1607,0.05405749653844083
1608,0.005072760684786459
1609,0.0644141936182887
1610,0.0
1611,0.05301312902640731
1612,0.3483691374563973
1613,0.0
1614,0.0
1615,0.10532430262143055
1616,0.1077671628416228
1617,0.09515866238615356
1618,0.05203440602247067
1619,0.011335687318918097
1620,0.0784162003479354
1621,0.07713978352776252
1622,0.9935770918641529
1623,0.05160147622473055
1624,0.12464027462630423
1625,0.0
1626,0.0
1627,0.046167895575218054
1628,0.0
1629,0.22180768270092077
1630,0.15817838522458327
1631,0.0
1632,0.0
1633,0.038834035066432904
1634,0.055779536613847824
1635,0.0555092041942542
1636,0.5003011667234221
1637,0.18258170718995625
1638,0.06847420708965135
1639,0.16157367394023403
1640,0.14363970512763657
1641,0.0
1642,0.21269816188700386
1643,0.0
1644,0.0
1645,0.042044299005760344
1646,0.18490026664511117
1647,0.007983118020565172
1648,0.027972863076339394
1649,0.0513877039079178
1650,0.0
1651,0.20166527421420888
1652,0.03775883651549883
1653,0.0
1654,0.0
1655,0.17365388424322603
1656,0.0
1657,0.02895470010503498
1658,0.13288324627386405
1659,0.05025434675846796
1660,0.029590696221528212
1661,0.0
1662,0.0
1663,0.0
1664,0.008427765495039097
1665,0.007800564393930287
1666,0.25017287493714946
1667,0.38989973714360193
1668,0.0
1669,0.7112634433070801
1670,0.0
1671,0.08776626785719976
1672,0.11294567494322649
1673,0.49888605552676424
1674,0.0
1675,0.028575263488969327
1676,0.039801300805176076
1677,0.0289977941719064
1678,0.05177077241655148
1679,0.01157535739725013
1680,0.0303823837618733
1681,0.02372950148032693
1682,0.4845916648664552
1683,0.053374812787637005
1684,0.0
1685,0.0
1686,4.249430880953753e-05
1687,0.03731806219066769
1688,0.0
1689,0.0
1690,0.0
1691,0.11329156498250548
1692,0.04636870187304787
1693,0.0
1694,0.005307101918805124
1695,0.05285503967722338
1696,0.010479075674001415
1697,0.47335370917526465
1698,0.1759726251516307
1699,0.030918217408048676
1700,0.0
1701,0.0
1702,0.015944104303671658
1703,0.02551280908633924
1704,0.3767547790317147
1705,0.11626274918326995
1706,0.015490788950011769
1707,0.012700241111175181
1708,0.0
1709,0.0
1710,0.3331372101595278
1711,0.027226796641723006
1712,0.0
1713,0.0
1714,0.031545321524739656
1715,0.05100736448102605
1716,0.0
1717,0.0964223027496498
1718,0.12020504070205185
1719,0.024780551955010388
1720,0.03130930107688368
1721,0.005690498545745548
1722,0.0
1723,0.0
1724,0.3502374841832916
1725,0.0
1726,0.2342652815367936
1727,0.05659858755624736
1728,0.25400084925685196
1729,0.014848253915801912
1730,0.4855404082613086
1731,0.0
1732,0.0
1733,0.0
1734,0.0284956126381255
1735,0.12220002780456518
1736,0.03910660150939549
1737,0.3331372101595278
1738,0.0
1739,0.09262793519281942
1740,0.058430258555674186
1741,0.21484580233491357
1742,0.004736627050608178
1743,0.16184137390906006
1744,0.10828325369275582
1745,0.0
1746,0.0
1747,0.39058627575689364
1748,0.0
1749,0.25109528915386825
1750,0.007495050168830453
1751,0.03239034929297535
1752,0.0
1753,0.0
1754,0.0030912588884524084
1755,0.20078016228003648
1756,0.0002896672332859396
1757,0.24436653803535524
1758,0.0
1759,0.0
1760,0.32607596716033527
1761,0.36547964494193064
1762,0.0
1763,0.3853258134124893
1764,0.0
1765,0.0
1766,0.03795143722278027
1767,0.0
1768,0.018980400243600037
1769,0.13301115847447154
1770,0.0
1771,0.0
1772,0.07370537451270476
1773,0.10708222633534525
1774,0.0
1775,0.0
1776,0.060071704613172905
1777,0.061317322223185755
1778,1.1364735765667597
1779,0.15602982082771533
1780,0.0030014145254932956
1781,0.0
1782,0.0033962619358804957
1783,0.0
1784,0.0
1785,0.03774376823142944
1786,0.07614211551794181
1787,0.019828671066229653
1788,0.05519581038198318
1789,0.5149918262277824
1790,0.0
1791,0.06828663238616262
1792,0.10891164761986705
1793,0.05612625705187391
1794,0.0716614582207189
1795,0.011873561298681778
1796,0.7051649023769553
1797,0.0
1798,0.0
1799,0.14712304044975433
1800,0.03679103987975463
1801,0.04830188376160294
1802,0.015212126174851903
1803,0.06414859316687505
1804,0.0
1805,0.0
1806,0.0
1807,0.0
1808,0.05129135804899132
1809,0.06937462729854005
1810,0.11838086231117195
1811,0.07082601066082184
1812,0.0
1813,0.0362711727927536
1814,0.4336973092774574
1815,0.08435636169337002
1816,0.19827573850299274
1817,0.0
1818,0.08692219525335343
1819,0.03266496748882908
1820,0.10502585868957226
1821,0.0
1822,0.0
1823,0.02177562184911519
1824,0.01201133834402679
1825,0.3653472920572449
1826,0.13010923526608664
1827,0.0
1828,0.0
1829,0.0069394079039177825
1830,0.026622555168559714
1831,0.34882738893030574
1832,0.3140287476816912
1833,0.0
1834,0.04546211558188862
1835,0.03975186851780421
1836,0.06487881151285624
1837,0.4109804639754664
1838,0.0
1839,0.39089129036282877
1840,0.08279574523390387
1841,0.2421529209298079
1842,0.2962551363916308
1843,0.16413039444920852
1844,0.016827234125467605
1845,0.0016108509619208178
1846,0.013352864803319875
1847,0.0
1848,0.0024243340325709184
1849,0.0
1850,0.1267409135967208
1851,0.22222121929959293
1852,0.09018055549480497
1853,0.0
1854,0.09179062336617694
1855,0.039672302070410836
1856,0.0
1857,0.0
1858,0.07008569071510706
1859,0.0
1860,0.0
1861,0.6556838929753153
1862,0.003885809662910411
1863,0.0
1864,0.049003966612644945
1865,0.0
1866,0.0
1867,0.09957073693977758
1868,0.0
1869,0.10405235352853026
1870,0.0
1871,0.002318008365834956
1872,0.003810181036250526
1873,0.09903185599442121
1874,0.16738291930152194
1875,0.06600607272638292
1876,0.04414947141976633
1877,0.19223788722711532
1878,0.0031573946064380465
1879,0.12840802165009535
1880,0.0
1881,0.008083640592041696
1882,0.0
1883,0.0
1884,0.1009848621172571
1885,0.0
1886,0.02784088524527828
1887,0.015040366412159223
1888,0.013358845776105355
1889,0.05174008628632798
1890,0.0797108228788197
1891,0.0030506215597334574
1892,0.0
1893,0.0
1894,0.05116535999601357
1895,0.3047366898476733
1896,0.0
1897,0.0
1898,0.03526838205097782
1899,0.0
1900,1.1921014213321812
1901,0.0
1902,0.0
1903,0.05361940354721817
1904,0.08303749121927861
1905,0.011002199432838644
1906,0.0
1907,0.0051937029398878565
1908,0.0
1909,0.02405409496249522
1910,0.0025886640428769425
1911,0.35177749050852913
1912,0.9734109031424683
1913,0.18206656570979618
1914,0.0
1915,0.0
1916,0.012457823848646576
1917,0.13020427943021584
1918,0.0
1919,0.0
1920,0.09501778772189162
1921,0.025458857856057726
1922,0.16643956167838336
1923,1.2170232799016247
1924,0.11991432528550483
1925,0.03934405034785282
1926,0.01189563744618205
1927,0.09632292645795104
1928,0.0
1929,0.0
1930,0.0
1931,0.03637523484607641
1932,0.0
1933,0.1337324586003925
1934,0.008206924144960936
1935,0.0
1936,0.022267526278570315
1937,0.14759437225757832
1938,0.08496982798414354
1939,0.06758793679813291
1940,0.0
1941,0.0
1942,0.0
1943,0.03422975813154672
1944,0.06527313726440731
1945,0.0
1946,0.4612039972492976
1947,0.0
1948,0.0
1949,0.0
1950,0.07836472061524269
1951,0.0
1952,0.11233341377484507
1953,0.16877662781760172
1954,0.0
1955,0.09302210266808864
1956,0.1765212069765374
1957,0.03559929575223464
1958,0.13919420454245124
1959,0.1385396068311815
1960,0.08188732380881625
1961,0.07069431228033185
1962,0.0
1963,0.0
1964,0.0480683006854834
1965,0.11088258585086219
1966,0.053307396234224314
1967,0.011926375687929536
1968,0.14787891978020262
1969,0.0
1970,0.0
1971,0.07500753004816563
1972,0.007180711897012415
1973,0.08852211384708131
1974,0.06040187617500781
1975,0.0
1976,0.3642216229877535
1977,0.0
1978,0.05226400736711412
1979,0.0
1980,0.0
1981,0.0
1982,0.21909779901353055
1983,0.0
1984,0.057402439638393865
1985,0.0014901802750291182
1986,0.05949854614940264
1987,0.24157595166476398
1988,0.010172121155343383
1989,0.06437806154673531
1990,0.0
1991,0.0
1992,0.022939081850518406
1993,0.07259670637994375
1994,0.3421719849358036
1995,0.08603702005190339
1996,0.5245065984391246
1997,0.013565578021285774
1998,0.0
1999,0.0
2000,0.7376063800995416
2001,0.584561598708464
2002,0.10311085885456883
2003,0.0
2004,0.013714543259217393
2005,0.010788131284067859
2006,0.0
2007,0.03823145270499406
2008,0.13617878996415644
2009,0.0
2010,0.21116066416076062
2011,0.04983067322682544
2012,0.002123664519817048
2013,0.5054516399277906
2014,0.0
2015,0.0
2016,0.0
2017,0.06029458593220749
2018,0.026055126766697967
2019,0.06431611679533944
2020,0.0
2021,0.09196579856333287
2022,0.06883505090879982
2023,0.0
2024,0.0
2025,0.1458453255794243
2026,0.0
2027,0.004769761146400597
2028,0.0
2029,0.019072362023936584
2030,0.010458799829670795
2031,0.06325608107344749
2032,0.0582079257455792
2033,0.03113028201474677
2034,0.0
2035,0.4986290206756401
2036,0.0
2037,0.01808629752447999
2038,0.07983109878013739
2039,0.0
2040,0.0
2041,0.02809333034836925
2042,0.04950336623086482
2043,0.0
2044,0.09945650721538613
2045,0.3023838158858929
2046,0.0852280594322199
2047,0.13135687879168945
2048,0.0
2049,0.13331326473679095
2050,0.4554875300216912
2051,0.0685630871678331
2052,0.012265074513366336
2053,0.0
2054,0.0
2055,0.02411226372080577
2056,0.7344436586147483
2057,0.07006039288386123
2058,0.026741963651002898
2059,0.07408215065015522
2060,0.022809695740000357
2061,0.016019770511182863
2062,0.0
2063,0.0
2064,0.03056238218134144
2065,0.2767787455055224
2066,0.06545560656714766
2067,0.2183251404205393
2068,0.0
2069,0.14437972167191404
2070,0.0
2071,0.1030200082747017
2072,0.0
2073,0.0
2074,0.644360659832222
2075,0.0
2076,0.10920588516705365
2077,0.007006848055771009
2078,0.04725224742549461
2079,0.08363245505138561
2080,0.6842171658441507
2081,0.09616274075161169
2082,0.3399490692438123
2083,0.0
2084,0.214804757928718
2085,0.010459095941869556
2086,0.0
2087,0.0371752718369871
2088,0.0
2089,0.13498565203275792
2090,0.01265312213599401
2091,0.022535544333391222
2092,0.30920711704035053
2093,0.45397305679586
2094,0.04079248348210296
2095,0.04001199207146833
2096,0.017766893266900396
2097,0.35975788709511924
2098,0.0
2099,0.0
2100,0.0
2101,0.062193593737640995
2102,0.09972701897294645
2103,0.013923607829907425
2104,0.0
2105,0.01876164007528658
2106,0.0
2107,0.048215860982055325
2108,0.0
2109,0.04654412120625828
2110,0.1400504339476596
2111,0.1191430671054734
2112,0.033517806461997424
2113,0.06795964138837451
2114,0.3280229179432208
2115,0.014178316390601076
2116,0.02782925737049169
2117,0.0
2118,0.0
2119,0.16405996750101615
2120,0.021533562338166057
2121,0.0
2122,0.20011546602211627
2123,0.10612354763450682
2124,0.0
2125,0.031314632664487974
2126,0.0
2127,1.276035188263263
2128,0.0
2129,0.0
2130,0.139149525426296
2131,0.012069986742941907
2132,0.03856421383559283
2133,0.05058610509550476
2134,0.14262025363818953
2135,0.0
2136,0.006429826202533739
2137,0.01216188015956643
2138,0.017809831930191145
2139,0.12242728244112833
2140,0.16167771859384672
2141,0.06379337831793741
2142,0.14598026226958982
2143,0.0
2144,0.0
2145,0.010958033438982717
2146,0.027741567959137292
2147,0.05035039349962389
2148,0.1374041838530342
2149,0.10200479335512558
2150,0.053428092504007374
2151,0.0
2152,0.0
2153,0.0
2154,0.0
2155,0.10369932149059569
2156,0.14646192399372993
2157,0.9169015867563215
2158,0.0
2159,0.11665585311575288
2160,0.23361348829822415
2161,0.34419429166093085
2162,0.0
2163,0.0
2164,0.15412060408593753
2165,0.1617935218172688
2166,0.10056672624360363
2167,0.0
2168,0.12212848650695118
2169,0.14543729379462889
2170,0.08995313102967994
2171,0.0
2172,0.0
2173,0.25132241390452226
2174,0.36831614810949187
2175,0.05671931486950932
2176,0.07017474907722931
2177,0.04565517985820211
2178,0.1253028421199316
2179,0.018042671745869043
2180,0.0827676426830477
2181,0.30579097311954495
2182,0.0
2183,0.061274204846025526
2184,0.0
2185,0.051288823378370374
2186,0.02547094826437668
2187,0.04479164578922479
2188,0.037198249520857374
2189,0.12328874085169517
2190,0.011412573764790324
2191,0.0
2192,0.15653869428840217
2193,0.0
2194,0.0
2195,0.12524117131272217
2196,0.0
2197,0.288750658549934
2198,0.020794590285913905
2199,0.20228052436958244
2200,0.26641465557543054
2201,0.15442691081422755
2202,0.3190782235293188
2203,0.09156348042909013
2204,0.2955719568016084
2205,0.15999833275267594
2206,0.8020027401757024
2207,0.00813020782160745
2208,0.0
2209,0.196042397266587
2210,0.1397658231481591
2211,0.0
2212,0.03237049676001469
2213,0.0
2214,0.0
2215,0.03387832805286006
2216,0.5996895394594652
2217,0.08855437349250028
2218,0.17126243451348522
2219,0.005813020897281085
2220,0.1495790468552185
2221,0.0
2222,0.0
2223,0.7262908017419365
2224,0.00888489411521931
2225,0.708345157800399
2226,0.0
2227,0.01073781146023478
2228,0.09449614644176574
2229,0.12174453448312672
2230,0.11901670919112117
2231,0.2257399058056313
2232,0.018801057160316326
2233,0.04213134583719391
2234,0.007641168314829194
2235,0.10175119412469957
2236,0.06129245679802864
2237,0.0790287246832948
2238,0.08893437203655807
2239,0.041404001897771714
2240,0.010348637598978527
2241,0.025768507273832952
2242,0.04482636472331514
2243,0.3052616192466209
2244,0.0
2245,0.013975412945747223
2246,0.013036886241327927
2247,0.0
2248,0.0
2249,0.6719815488866749
2250,0.0
2251,0.009440161190030771
2252,0.0
2253,0.01090480395153115
2254,0.0
2255,0.0
2256,0.0
2257,0.0
2258,0.05739627906674638
2259,0.05976892761111685
2260,0.001767718937254692
2261,0.0
2262,0.5057526034681112
2263,0.21344403301670756
2264,0.29811670253917644
2265,0.04651302944621616
2266,0.0
2267,0.0
2268,0.041533497062233415
2269,0.0
2270,0.029587594658810445
2271,0.1502970297479349
2272,0.013997153520785233
2273,0.0
2274,0.12986835286309883
2275,0.002899166007033216
2276,0.03222871938981697
2277,0.050095546852038986
2278,0.1438369817100611
2279,0.0
2280,0.21199549136727924
2281,0.08854515585397227
2282,0.0
2283,0.13819456262705554
2284,0.21261350109541777
2285,0.02197413868904885
2286,0.0
2287,0.07040914567979062
2288,0.34095515817989597
2289,0.027384943160957853
2290,0.1283473430755624
2291,0.0
2292,0.2100407845592791
2293,0.01266054291008345
2294,0.010308446508141778
2295,0.0
2296,0.05796406054957348
2297,0.1989077762921294
2298,0.06881211423785327
2299,0.11852711492710633
2300,0.0738994500297041
2301,0.03521939835577648
2302,0.0
2303,0.3254807858473914
2304,0.0
2305,0.11000023730750641
2306,0.0
2307,0.0
2308,0.6481980534509995
2309,0.0
2310,0.04137086393939615
2311,0.0
2312,0.1714444345436732
2313,0.0
2314,0.0
2315,0.06894780012800794
2316,0.0
2317,0.00130909561927961
2318,0.11037604862448092
2319,0.042906645009199273
2320,0.0
2321,0.9671624887285724
2322,0.0
2323,0.11017312561245873
2324,0.0019009204292057547
2325,0.10200479335512558
2326,0.09319679021786964
2327,0.006068592779750581
2328,0.02946496488617356
2329,0.04864860118070968
2330,0.023842211370906696
2331,0.0
2332,0.0
2333,0.0
2334,0.0
2335,0.0
2336,0.044444685656579885
2337,0.03915047083499701
2338,0.011726533826024621
2339,0.0002996409963857971
2340,0.04842046057560534
2341,0.4543921381650131
2342,0.2396631246206935
2343,0.7267393145439205
2344,0.04768002049586162
2345,0.004206406020411002
2346,0.10244645566497912
2347,0.07460163227338423
2348,0.0411712873083232
2349,0.21553411703380654
2350,0.010988513252724985
2351,0.2296782388943468
2352,0.02212166655970549
2353,0.037207813295548675
2354,0.14284803550407155
2355,0.03283950752273235
2356,0.5008462173421577
2357,0.11991432528550483
2358,0.02218698017234466
2359,0.18021904230222852
2360,0.03417982525647645
2361,0.0
2362,0.03650037782630733
2363,0.0
2364,0.027674911420409565
2365,0.026921418079461468
2366,0.04111629848023313
2367,0.0
2368,0.0
2369,0.11183771777385676
2370,0.09091317747688166
2371,0.41056970919721003
2372,0.0
2373,0.11985754803515825
2374,0.0
2375,0.0
2376,0.12410093401807742
2377,0.0
2378,0.13968317609912084
2379,0.06024554963644935
2380,0.3155470945402943
2381,0.0
2382,0.031982079907979966
2383,0.0
2384,0.032681545737491824
2385,0.1328405093189664
2386,0.05448504152592015
2387,0.0
2388,0.0164350750268758
2389,0.07761145624944987
2390,0.6107099713087667
2391,0.0
2392,0.3302935376379823
2393,0.3420090207937303
2394,0.26323316244793293
2395,0.008325028458600059
2396,0.03074303240980303
2397,0.0549501122671705
2398,0.0
2399,0.1932625061822657
2400,0.040517172691985515
2401,0.19092908208862802
2402,0.09298940913792819
2403,0.04941004880496891
2404,0.12400380887499107
2405,0.050601444582245136
2406,0.01979331538876128
2407,0.07161715249545253
2408,0.0
2409,0.0
2410,3.11253678653145e-06
2411,0.12336625624576669
2412,0.0
2413,0.0
2414,0.0
2415,0.0
2416,0.0
2417,0.0839675578997694
2418,0.044070411646412566
2419,0.06997297914452183
2420,0.07371824688828887
2421,0.0
2422,0.0610023116876377
2423,0.03410924690323913
2424,0.33301254013272885
2425,0.0
2426,0.22269636890759426
2427,0.0
2428,0.0944138185139769
2429,0.06749535498704073
2430,0.0
2431,0.7844050474537472
2432,0.09585415487605786
2433,0.19197309444562105
2434,0.006401141711664948
2435,0.11050560977339252
2436,0.0
2437,0.16579029046979432
2438,0.04466904886861833
2439,0.029009775827780082
2440,0.03422975813154672
2441,0.15181959625172237
2442,0.688561358622628
2443,0.008714605967874434
2444,0.0
2445,0.0
2446,0.06462514624238747
2447,0.019894088293428425
2448,0.053218502118861366
2449,0.0
2450,0.0
2451,0.0
2452,0.0
2453,0.14307189497792194
2454,0.008083640592041696
2455,0.0
2456,0.09708612386085669
2457,0.009938804330981377
2458,0.0
2459,0.09698781284405467
2460,0.01513966601790262
2461,0.07852718624663702
2462,0.3734936100367756
2463,0.09933535347479872
2464,0.3040144285680766
2465,0.0
2466,0.0
2467,0.0035093199883782233
2468,0.07449656879113942
2469,0.0
2470,0.09073385851498195
2471,0.18031965175569376
2472,0.04668885092957176
2473,0.1953182124424302
2474,0.13418651293409312
2475,0.0
2476,0.7921189526958421
2477,0.09083595647811027
2478,0.10293702129781579
2479,0.0
2480,0.20118738837450056
2481,0.0
2482,0.7937170184310576
2483,0.0
2484,0.058783505948806436
2485,0.05171127103548301
2486,0.1665752373173417
2487,0.9649856492881308
2488,0.1519512860037704
2489,0.0
2490,0.37111098556892674
2491,0.013301358607939129
2492,0.17270362870049194
2493,0.0
2494,0.0
2495,0.006227170366885915
2496,0.27682074178058524
2497,0.0017499317273941273
2498,0.0
2499,0.03650037782630733
2500,0.0
2501,0.012712569392919093
2502,0.0
2503,0.009112309171423583
2504,0.006172333824335574
2505,0.4231327215897007
2506,0.03139856793425988
2507,0.21480040326657246
2508,0.11763243917394739
2509,0.01170382961914207
2510,0.014559075246885378
2511,0.02193024594017423
2512,0.03452042018499313
2513,0.022077018576836416
2514,0.0
2515,0.0
2516,0.1594237505152556
2517,0.08300670669236077
2518,0.4640609293837521
2519,0.03276355819865895
2520,0.13588740745693162
2521,0.011710204734238339
2522,0.16293234408335877
2523,0.05788328470868187
2524,0.019995596690598916
2525,0.012634172785677578
2526,0.01256248804270399
2527,0.11462130081562716
2528,0.0
2529,0.08757192368729072
2530,0.04921562402368096
2531,0.03585407073824065
2532,0.059511769087765565
2533,0.009455914131263121
2534,0.04922887620426941
2535,0.013709453458413456
2536,0.8193939794050853
2537,0.0
2538,0.0
2539,0.0403033073850656
2540,0.6879501877959884
2541,0.05425782454354344
2542,0.02547094826437668
2543,0.014137597358507392
2544,0.0
2545,0.07583117549649376
2546,0.03685304867301742
2547,0.027940635910932876
2548,0.007983118020565172
2549,0.018189266726876596
2550,0.2746883477586035
2551,0.009107542690531822
2552,0.002194453681273245
2553,0.06763769920472296
2554,0.0
2555,0.02283110653734699
2556,0.0012306866488147605
2557,0.0
2558,0.0
2559,0.1502970297479349
2560,0.5863096325414503
2561,0.0
2562,0.03508794422926442
2563,0.0
2564,0.144915414343056
2565,0.15712887770788608
2566,0.0395742911168524
2567,0.0
2568,0.04912749362748059
2569,0.21521245983147352
2570,0.013641345047769704
2571,0.00395892187464586
2572,0.0
2573,0.19039295686319324
2574,0.0527747406641792
2575,0.0
2576,0.07068703714604752
2577,0.23023580860265547
2578,0.0
2579,0.36656974617940374
2580,0.01321074083587881
2581,0.12223732364120465
2582,0.38669075085070137
2583,0.10379085957623602
2584,0.0
2585,0.0748829282199317
2586,0.1903446489414753
2587,0.1465776822324445
2588,0.029333532728184508
2589,0.0
2590,0.08776626785719976
2591,0.12331662668138588
2592,0.019674960333481373
2593,0.2456275026629644
2594,0.017089455335955073
2595,0.32577155593406815
2596,0.0
2597,0.157288017074678
2598,0.0015421236870691857
2599,0.041825610115291845
2600,0.0
2601,0.03248219414629272
2602,0.0656535563427223
2603,0.0
2604,0.0
2605,0.03593622122182527
2606,0.05290031587011157
2607,0.009508021001107814
2608,0.0
2609,0.06379516764004833
2610,0.32826260096667426
2611,0.5896743795469623
2612,0.06254649466430529
2613,0.0
2614,0.08789495550232562
2615,0.004732904157929596
2616,0.0
2617,0.18593315713740033
2618,0.0
2619,0.05711229261876749
2620,0.15669753050898994
2621,0.01635171830412574
2622,0.0020812030980277285
2623,0.015490763537059138
2624,0.0
2625,0.01522871415930993
2626,0.08692219525335343
2627,0.033460294659380274
2628,0.00947818631541697
2629,0.11530685091539805
2630,0.1521591833016238
2631,0.13893270181693573
2632,0.0
2633,0.04069018713714456
2634,0.0
2635,0.10366197058789961
2636,0.0064675120831951816
2637,0.017535779187313416
2638,0.0
2639,1.1059204715704674
2640,0.08365790879328028
2641,0.089977242979705
2642,0.0
2643,0.0
2644,0.0
2645,0.05524831597873803
2646,0.04281262055265511
2647,0.03480789456223121
2648,0.028162408232843106
2649,0.19749941617633393
2650,0.30734768927903655
2651,0.5623184152789618
2652,0.15602982082771533
2653,0.12436161812118396
2654,0.00819360218755083
2655,0.06890432709651062
2656,0.08789495550232562
2657,0.16279638981542988
2658,0.051445573529737665
2659,0.0
2660,0.0
2661,0.06408857272643687
2662,0.0
2663,0.9812955648354755
2664,0.011208377680979709
2665,0.8388569812337705
2666,0.0
2667,0.0
2668,0.21553411703380654
2669,0.0738245826185775
2670,0.013327762169253354
2671,0.06886723504673675
2672,0.3973184646554797
2673,0.0
2674,0.03287214467892419
2675,0.0
2676,0.015335735000064687
2677,0.0
2678,0.17489647417589627
2679,0.0
2680,0.0
2681,0.0
2682,0.15890610028406105
2683,0.00919582768652738
2684,0.0
2685,0.00043806127972167985
2686,0.0
2687,0.02782925737049169
2688,0.1382305272927562
2689,0.014521605000510363
2690,0.45623359616284986
2691,0.04649616233712983
2692,0.0
2693,0.0
2694,0.09955088552715896
2695,0.10149201788960749
2696,0.008096090527233812
2697,0.0
2698,0.0
2699,0.06619317023217697
2700,0.12497020919433943
2701,0.0
2702,0.016390977714211274
2703,0.011147907722776296
2704,0.1646028461120297
2705,0.1148107781553076
2706,0.0
2707,0.02275596338795527
2708,0.01213049663914223
2709,0.009455914131263121
2710,0.04058698381690906
2711,0.03785271863298334
2712,0.02074355897150415
2713,0.0
2714,0.168741338718708
2715,0.10640920781751362
2716,0.015384252469643478
2717,0.36509174642070974
2718,0.0
2719,0.04756257330528335
2720,0.08513464269302062
2721,0.017971172738526775
2722,0.534748586082884
2723,0.42858742740481404
2724,0.09442634776243164
2725,0.08695861297381224
2726,0.0
2727,0.0
2728,0.03650037782630733
2729,0.07721013403175814
2730,0.03794590047146151
2731,0.0730441067508174
2732,0.04233571409091219
2733,0.08335371611280262
2734,0.0329491626162941
2735,0.014140121974723918
2736,0.0
2737,0.02487645156661422
2738,0.0
2739,0.006006057592720104
2740,0.06787014188110874
2741,0.1295669375760129
2742,0.0
2743,0.09306335323660431
2744,0.03386666192854548
2745,0.9028292807466101
2746,0.00747362984772959
2747,0.0
2748,0.06384838392585745
2749,0.038927337105665316
2750,0.0
2751,0.0
2752,0.0
2753,0.0
2754,0.0
2755,0.04304912235679392
2756,0.14520701727550378
2757,0.15468332860942002
2758,0.10728999661712724
2759,0.03303682648821127
2760,0.12783116671273032
2761,0.0
2762,0.08292441369843218
2763,0.0
2764,0.09028627146687018
2765,0.06311763415920257
2766,0.039406465359621556
2767,0.05076175182285336
2768,0.09500964613763596
2769,0.007330722996161221
2770,0.09313114803683042
2771,0.010378205316386335
2772,0.00819360218755083
2773,0.0
2774,0.039645173780120224
2775,0.0
2776,0.1276089445681743
2777,0.07448709683657295
2778,0.09038137521861334
2779,0.0
2780,0.4554875300216912
2781,0.0
2782,0.024347638271597916
2783,0.0
2784,0.007207566620656358
2785,0.0037908037757388158
2786,0.010547296982243104
2787,0.09448651214135584
2788,0.027374110275187213
2789,0.04684602875862787
2790,0.0
2791,0.0
2792,0.0
2793,0.23889097152909766
2794,0.008650643821788151
2795,0.00973703483152999
2796,0.044264743636485804
2797,0.06567481941261022
2798,0.016929321466672143
2799,0.0
2800,0.012448231168102453
2801,0.0
2802,0.2469482779262302
2803,0.05711097523326458
2804,0.0
2805,0.0
2806,0.0
2807,0.37292584805197215
2808,0.1360107663592265
2809,0.0
2810,0.0
2811,0.08007758031345258
2812,0.0027761644189618906
2813,0.0
2814,0.20807285836011147
2815,0.02320032856961518
2816,0.001585939530383662
2817,0.027246499793981194
2818,0.0
2819,0.40821475443595645
2820,0.35079055927743497
2821,0.019806398882074916
2822,0.01188256096241247
2823,0.0
2824,0.0
2825,0.35327677043997685
2826,0.01478200267772678
2827,0.07366475601765643
2828,0.021864272344317648
2829,0.0
2830,0.1602742093506686
2831,0.0
2832,0.06874113965204298
2833,0.015767039505202085
2834,0.0
2835,0.0
2836,0.00798122747751151
2837,0.00967137576456345
2838,0.0
2839,0.030086947901525996
2840,0.460651421167805
2841,0.28035508243566376
2842,0.09449614644176574
2843,0.6436568140614765
2844,0.0
2845,0.0
2846,0.014425836514634582
2847,0.0
2848,0.0
2849,0.2924803260127202
2850,0.24526509918679817
2851,0.10337669534561655
2852,0.0
2853,0.0
2854,0.05293586409230233
2855,0.09147391593778931
2856,0.1486927194380785
2857,0.8293201210929269
2858,0.0
2859,0.0
2860,0.07081432546080535
2861,0.1102595153429462
2862,0.0029212755197702833
2863,0.059682251515770446
2864,0.05274922715619024
2865,0.09267777468452376
2866,0.019570792196158315
2867,0.0873335535765829
2868,1.4600082274343227
2869,0.09003147106563691
2870,0.1502970297479349
2871,0.1029083806215958
2872,0.053347222415530915
2873,0.4578100400509877
2874,0.0
2875,0.05272800861865434
2876,0.0
2877,0.6677478179021468
2878,0.025950761879941275
2879,0.06751662370065681
2880,0.0
2881,0.03597659871397152
2882,0.0941048504998534
2883,0.0
2884,0.0976045926261282
2885,0.0
2886,0.0431327254169922
2887,0.03093484099305943
2888,0.025154643606182248
2889,0.0
2890,0.0
2891,0.012831516168965607
2892,0.0
2893,0.12479148915884597
2894,0.0
2895,0.15727058333577304
2896,0.06874190705847649
2897,0.005217025204262704
2898,0.08841296999062376
2899,0.0
2900,0.10750499942734226
2901,0.0
2902,0.18010595747082814
2903,0.3240172890893671
2904,0.0
2905,0.0
2906,0.0
2907,0.04142538377319571
2908,0.14802641005317252
2909,0.019452959437235684
2910,0.07165661155035519
2911,0.07072010988174071
2912,0.0
2913,0.0
2914,0.0
2915,0.0
2916,0.0
2917,0.8689723852747067
2918,0.010464221882311442
2919,0.6431662757002186
2920,0.0
2921,0.023380320654628584
2922,0.09478892231262925
2923,0.0
2924,0.019093089338242386
2925,0.19313002907151855
2926,0.13603285720865
2927,0.0977360130964513
2928,0.0
2929,0.03425776033959416
2930,0.040725647094353334
2931,0.0
2932,0.04733524014833801
2933,0.0
2934,0.02448625899196344
2935,0.0
2936,0.0036498966361753205
2937,0.33116014973168273
2938,0.06531481376814696
2939,0.0
2940,0.0
2941,0.0
2942,0.08916296147409142
2943,0.07317288608377748
2944,0.0
2945,0.0
2946,0.08700000846689271
2947,0.1581596715606306
2948,0.055325077314686055
2949,0.09028627146687018
2950,0.653395814711871
2951,0.08842621313899279
2952,0.0
2953,0.08554396071483694
2954,0.0
2955,9.424501856791778e-05
2956,0.07539504743012149
2957,0.607267795656079
2958,0.07343284589412669
2959,0.04972881492877512
2960,0.0
2961,0.014571830764451121
2962,0.0
2963,0.03637974275456113
2964,0.06605550572109742
2965,0.05954629491869046
2966,0.016640632801061095
2967,0.0
2968,0.04130159131836386
2969,0.0019176883958715862
2970,0.07391586668806305
2971,0.7199147235244423
2972,0.20931501537312336
2973,0.03334551871714542
2974,0.017706239570160598
2975,0.07322342020608374
2976,0.1688926520982017
2977,0.0
2978,0.14509927934182176
2979,0.05735306801350948
2980,0.33527372572284
2981,0.06720971292918154
2982,0.02497099312478035
2983,0.0
2984,0.02818392408100845
2985,0.0
2986,0.09414541266086651
2987,0.1059791703021693
2988,0.40828589103163093
2989,0.0
2990,0.0
2991,0.0
2992,0.06537064017380523
2993,0.043703143030877634
2994,0.18001958232483428
2995,0.0
2996,0.029443029244277774
2997,0.0406173376572081
2998,0.010354260286804085
2999,0.13819456262705554
3000,0.0
3001,0.319002861356954
3002,0.0
3003,0.001294053691912822
3004,0.10550832813933653
3005,0.08562433580756323
3006,0.05666004208853437
3007,0.007498960084051376
3008,0.1112778940663004
3009,0.0
3010,0.0
3011,0.0
3012,0.0
3013,0.06720656099872624
3014,0.0
3015,0.05019799210004283
3016,0.22865403515215554
3017,0.0
3018,0.0
3019,0.0346898841797465
3020,0.0
3021,0.0
3022,0.0
3023,0.13835372228444953
3024,0.03224980049023163
3025,0.0
3026,0.29318064083706386
3027,0.002087223964749363
3028,0.0
3029,0.13832892290808374
3030,0.14534752736280687
3031,0.12436161812118396
3032,0.0
3033,0.0
3034,0.05556466957573569
3035,0.04894982162512562
3036,0.0
3037,0.34646491135569235
3038,0.09142038611067704
3039,0.03095789678341454
3040,0.0
3041,0.03661533763854319
3042,0.0
3043,0.1659030858027668
3044,0.0
3045,0.03829811642989789
3046,0.21939737919041313
3047,0.11039048430509713
3048,0.0
3049,0.002803318828855872
3050,0.011152705374562366
3051,0.1627962450251612
3052,0.0
3053,0.14038861830842286
3054,0.019622189829234138
3055,0.19132709632141331
3056,0.09268328027724859
3057,0.14086827148025005
3058,0.18870678576353228
3059,0.017535779187313416
3060,0.02046445286792764
3061,0.0
3062,0.0
3063,0.005095279858917223
3064,0.691064242064575
3065,0.0
3066,0.1238412144292127
3067,0.6852290030465844
3068,0.0833012506654871
3069,0.08108309641804112
3070,0.08713325055260679
3071,0.0014459851208732388
3072,0.1516563679546694
3073,0.00987089487056192
3074,0.020128898421270414
3075,0.0
3076,0.0
3077,0.06953632180209368
3078,0.0
3079,0.030883190871173305
3080,0.0
3081,0.0
3082,0.05659858755624736
3083,0.0
3084,0.22593577535206588
3085,0.0
3086,0.14192068460420693
3087,0.011280983667674604
3088,0.026705947377712924
3089,0.0169587283583974
3090,0.0
3091,0.6457615264446113
3092,0.018320884117524194
3093,0.4623545577183812
3094,0.005268271576055028
3095,0.29668284329831174
3096,0.08780033651885688
3097,0.0009666550695044407
3098,0.0
3099,0.34921547348763493
3100,0.10173447369242172
3101,0.008688034394888966
3102,0.13586457270089447
3103,0.0
3104,0.0
3105,0.20600781193351203
3106,0.1221939828622105
3107,0.0
3108,0.0
3109,0.018096733237715767
3110,0.19644175333003044
3111,0.0
3112,0.017239098772186878
3113,0.1080820644875633
3114,0.5385744726089623
3115,0.5072588999262937
3116,0.047458195234012734
3117,0.17504662586473607
3118,0.0
3119,0.021773800269403232
3120,0.022424974041259205
3121,0.0
3122,0.0
3123,0.0496504319296891
3124,0.0
3125,0.06056193419473033
3126,0.0
3127,0.0
3128,0.0
3129,0.0
3130,0.0
3131,0.0053389991605694576
3132,0.0
3133,0.33685259133856604
3134,0.029168031294732444
3135,0.10443349377658961
3136,0.0
3137,0.08347242095926077
3138,0.07167111633730006
3139,0.0
3140,0.0
3141,0.02404624154387669
3142,0.1466573934706279
3143,0.002532092467913749
3144,0.021603920267835086
3145,0.09306335323660431
3146,0.0
3147,0.13658385960794117
3148,0.09492617833840811
3149,0.04637924702017582
3150,0.3624019990896361
3151,0.02909846883763656
3152,0.12105102764800701
3153,0.8817450169683121
3154,0.0
3155,0.0355002619960203
3156,0.0
3157,0.033006557565546046
3158,0.029163532171647688
3159,0.03675647384308878
3160,0.07334711305035757
3161,0.0
3162,0.017363498455137183
3163,0.0
3164,0.07370773944543885
3165,0.04149397377283215
3166,0.2171326421382016
3167,0.0
3168,0.02128607665316906
3169,0.0
3170,0.027293529051113374
3171,0.0
3172,0.05770584864698858
3173,0.17243262454550923
3174,0.05449323112425564
3175,0.09174390154409995
3176,0.007495434548493662
3177,0.029337088663337063
3178,0.08137557885658708
3179,0.42858742740481404
3180,0.0
3181,0.0
3182,0.08631847085546784
3183,0.0
3184,0.0
3185,0.012488873842913861
3186,0.0
3187,0.05506329881618299
3188,0.03237049676001469
3189,0.07350450836483358
3190,0.0
3191,0.052046903123777355
3192,0.027974761762345146
3193,0.07563902051489446
3194,0.0
3195,0.0
3196,0.00011282324363381946
3197,0.4577581497164527
3198,0.0
3199,0.1502093403365814
3200,0.3257522982484593
3201,0.12359133832987279
3202,0.04901671456010526
3203,0.1712040370514707
3204,0.04066021436525613
3205,0.0
3206,0.029691230071574815
3207,0.3240547313804818
3208,0.0
3209,0.0
3210,0.015373427816858687
3211,0.07981201611069011
3212,0.04231823027956594
3213,0.0
3214,0.01616024990080067
3215,0.0
3216,0.08073272339765047
3217,0.1769257220681535
3218,0.022077018576836416
3219,0.050795938310942645
3220,0.01947138636787038
3221,0.011107816115924152
3222,0.08839915668406206
3223,0.013962168581586276
3224,0.028418575927436684
3225,0.055698712198768874
3226,0.05817384510927148
3227,0.0
3228,0.0003941176447028738
3229,0.104963679776084
3230,0.0
3231,0.1420364428429215
3232,0.11868197379386114
3233,0.09961382323798862
3234,0.0
3235,0.07705808895586319
3236,0.21780473672856804
3237,0.0
3238,0.03310644813876795
3239,0.3477294186320483
3240,0.10964086713664578
3241,0.043099110545659514
3242,0.09239519665807716
3243,0.3001131961911314
3244,0.14318293951842076
3245,0.004506636555603016
3246,0.07173160015173341
3247,0.2759189135817657
3248,0.01842589185516097
3249,0.0
3250,0.0
3251,1.0948505809993647
3252,0.03174948033393221
3253,0.0056739515183679146
3254,0.0
3255,0.005510634494991784
3256,0.0
3257,0.0
3258,0.0
3259,0.0993244028470226
3260,0.0
3261,0.4532169103269297
3262,0.0
3263,0.02992246279999211
3264,0.12919777716878222
3265,0.0
3266,0.08015798625958226
3267,0.08209795254982222
3268,0.0
3269,0.08720610944667762
3270,0.0
3271,0.0
3272,0.2815748878611064
3273,0.0001013750578175987
3274,0.08202429621687557
3275,0.018283094378832132
3276,1.6409185044392824
3277,0.06966901753701737
3278,0.0
3279,0.0
3280,0.0
3281,0.030622438052526846
3282,0.22316442018224425
3283,0.07791752968784671
3284,0.016964777662042962
3285,0.014712006060136673
3286,0.0
3287,0.0354677320048884
3288,0.14289496167397253
3289,0.6468569183012893
3290,0.0
3291,0.0
3292,0.016748334902721318
3293,0.061456934954848386
3294,0.02404012797804267
3295,0.07295295840836147
3296,0.0872284144417117
3297,0.13842949229102075
3298,0.0
3299,0.0
3300,0.0
3301,0.20523996842292203
3302,0.0666734198798471
3303,0.0
3304,0.007588690491412642
3305,0.03934405034785282
3306,0.011003094705722916
3307,0.028649238060244997
3308,0.09055774849506903
3309,0.08410366621416987
3310,0.6342304365377736
3311,0.1555790603792575
3312,0.0022014145826245723
3313,0.15739557422302397
3314,0.0
3315,0.2074698091126681
3316,0.041171323149819194
3317,0.0
3318,0.001170424302677553
3319,0.0
3320,0.0
3321,0.0
3322,0.027530474143475203
3323,0.0
3324,0.0300587527805094
3325,0.029976694687765537
3326,0.04136107501106068
3327,0.0
3328,0.19689091838703643
3329,0.0
3330,0.0
3331,0.001480151655680828
3332,0.04342010919188066
3333,0.07542504552052254
3334,0.0
3335,0.1975203963959551
3336,0.0
3337,0.017441685014484953
3338,0.0
3339,0.03174808364669168
3340,0.26407797817017364
3341,0.35484392719075775
3342,0.03457579106800068
3343,0.0
3344,0.028163425677205645
3345,0.09558624890548906
3346,0.012821594750556109
3347,0.03896354731036933
3348,0.031050652271917834
3349,0.09066379356197274
3350,0.06446563801466532
3351,0.0
3352,0.0
3353,0.0
3354,0.011616974025630888
3355,0.014371091580682283
3356,0.0
3357,0.0
3358,0.35213427394456254
3359,0.07913920427311183
3360,0.2841621425874603
3361,0.2851442063268408
3362,0.016118180049189412
3363,0.3181039464595532
3364,0.017854094944365073
3365,0.02548935846505973
3366,0.02326460263503627
3367,0.08277616822295641
3368,0.0
3369,0.0013977309874784183
3370,0.0937318257965476
3371,0.0976045926261282
3372,0.012204874000933508
3373,0.09759093242971684
3374,0.051222403326375066
3375,0.06742397946112355
3376,0.0186395597827671
3377,0.0935425063600599
3378,0.03613247861777147
3379,0.07137002357032785
3380,0.06483338790901616
3381,0.12344147478494438
3382,0.0790157138854477
3383,0.01424755173618486
3384,0.08616706358901016
3385,0.19824407980073566
3386,0.0
3387,0.0
3388,0.0
3389,0.024347638271597916
3390,0.0
3391,0.10898892066314136
3392,0.004618781243443948
3393,0.0006090793088562307
3394,0.08776626785719976
3395,0.030397924964266743
3396,0.08847199283668594
3397,0.0
3398,0.07336512885212265
3399,0.0
3400,0.16271089619760026
3401,0.0
3402,0.033032627160325845
3403,0.03578842615675892
3404,0.0
3405,0.0653550408466943
3406,0.0
3407,0.0
3408,0.0
3409,0.018462159274399426
3410,0.026618257966359415
3411,0.0
3412,0.0
3413,0.0
3414,0.017424421053442884
3415,0.8795400724942088
3416,0.03877099752106972
3417,0.03691214185281755
3418,0.1580366413657286
3419,0.06156821835911419
3420,0.09214676361701368
3421,0.0
3422,0.23269707057244116
3423,0.0717867762206561
3424,0.0
3425,0.022638959341963805
3426,0.0
3427,0.15007921316084438
3428,0.09945310403514807
3429,0.017944210357774715
3430,0.0
3431,0.12548266783465767
3432,0.0
3433,0.0
3434,0.03139193766858028
3435,0.11026157072855636
3436,0.0
3437,0.0850629338818214
3438,0.18037863787308428
3439,0.1479719830470172
3440,0.21941494082375268
3441,0.11947233115436084
3442,0.06408860516462322
3443,0.0342434793074462
3444,0.0868308295628264
3445,0.0
3446,0.2815748878611064
3447,0.0
3448,0.022077018576836416
3449,0.015409149616134599
3450,0.011726533826024621
3451,0.0629381161361584
3452,0.0
3453,0.0
3454,0.3117009040735468
3455,0.021809485675714946
3456,0.0509561356215702
3457,0.0
3458,0.11129738024457314
3459,0.019828671066229653
3460,0.0
3461,0.07440649439342462
3462,0.07686667648415124
3463,0.6466100807529691
3464,0.2854025709293255
3465,0.0
3466,0.04378470685007496
3467,0.13551009291795957
3468,0.06488506691904394
3469,0.06937462729854005
3470,0.0
3471,0.4383833249652298
3472,0.041197956800427704
3473,0.0
3474,0.2701463792894634
3475,0.12218494498026633
3476,0.21992872355394422
3477,0.1723844826786305
3478,0.022077018576836416
3479,0.38429564853365505
3480,0.0
3481,0.004390268509204098
3482,0.25187601341561816
3483,0.21948851059221486
3484,0.10285114663765249
3485,0.22274722175190131
3486,0.43464751456706274
3487,0.0
3488,0.37049428281634533
3489,0.027838791340173863
3490,0.0
3491,0.0
3492,0.0
3493,0.00450163950106397
3494,0.04691032981800891
3495,0.0
3496,0.0
3497,0.0
3498,0.03541027658883511
3499,0.0
3500,0.4681397635938209
3501,0.0
3502,0.30568622827908865
3503,0.044109642729963205
3504,0.0
3505,0.1017145768626655
3506,0.03556557528601356
3507,0.01743433834833663
3508,0.0
3509,0.0003538015602346789
3510,0.10559676231285042
3511,0.0
3512,0.0
3513,0.1568118051428753
3514,0.0
3515,0.15181872276772435
3516,0.15922456799894302
3517,0.0
3518,0.036917305184010374
3519,0.0
3520,0.04839400880338385
3521,0.025346119323664595
3522,0.08907843176760544
3523,0.0
3524,0.055080413328749245
3525,0.0
3526,0.018751836411300182
3527,0.13108866079063297
3528,0.0
3529,0.07511274796807932
3530,0.010310792094495369
3531,0.07746436519549427
3532,0.16611491332975703
3533,0.20582190874789408
3534,0.29400121954524483
3535,0.0
3536,0.0
3537,0.0
3538,0.040357255918387125
3539,0.025075075631233013
3540,0.030218532474751925
3541,0.0
3542,0.15811105441893414
3543,0.031182945987202615
3544,0.4758085999992998
3545,0.0751695834892967
3546,0.33416693218169957
3547,0.10160078139691464
3548,0.019365368206215372
3549,0.053126388960013315
3550,0.1113261124205831
3551,0.010665295007910913
3552,0.011941202090882896
3553,0.4913624180089986
3554,0.07804503189374401
3555,0.0
3556,0.07857485545138054
3557,0.09761973149387426
3558,0.044224917455177426
3559,0.6728744976632992
3560,0.90769003865582
3561,0.21928849896920966
3562,0.03683975529939065
3563,0.0
3564,0.0
3565,0.0
3566,0.0
3567,0.06293931575557998
3568,0.18982172587134727
3569,0.09992701061801945
3570,0.0
3571,0.0
3572,0.0717512337240871
3573,0.04505640070099037
3574,0.0896041732713444
3575,0.04300660457941152
3576,0.0
3577,0.10751411209080342
3578,0.017558051371468153
3579,0.051075219251977444
3580,0.18562085547624907
3581,0.06398338262875658
3582,0.4283326157109224
3583,0.08261052202437913
3584,0.04591738451421712
3585,0.15394551317703087
3586,0.020955051391283064
3587,0.03788863318613167
3588,0.0
3589,0.36884036587416436
3590,0.03568471564130249
3591,0.028563017706264127
3592,0.02592192416748862
3593,0.039535204922461986
3594,0.24750268211644855
3595,0.09482751085639318
3596,0.18135363124462156
3597,0.10488288798281697
3598,0.08919281494811493
3599,0.02507288703905708
3600,0.10571892427350171
3601,0.0
3602,0.3100516978921517
3603,0.1334181968900241
3604,0.7900981377643101
3605,0.17028164950034608
3606,0.0004099528217818005
3607,0.057012017499703305
3608,0.0
3609,0.0
3610,0.05711229261876749
3611,0.0
3612,0.21199549136727924
3613,0.0
3614,0.029567822472240657
3615,0.0793184383282135
3616,0.0
3617,0.16607657310546298
3618,0.019387389874520267
3619,0.0
3620,0.0
3621,0.10538409741711963
3622,0.013221131113580142
3623,0.06542767709757946
3624,0.0
3625,0.0
3626,0.1334702663840961
3627,0.026705947377712924
3628,0.7151105722212789
3629,0.0
3630,0.119509367149087
3631,0.0
3632,0.03984181000837772
3633,0.0
3634,4.7698856847411264e-05
3635,0.07175806796931639
3636,0.0
3637,0.0
3638,0.23174002512835745
3639,0.0797000570728077
3640,0.0
3641,0.0
3642,0.0
3643,0.4487757872344753
3644,0.31767449109757173
3645,0.039943240008613934
3646,0.10288019747139909
3647,0.0
3648,0.04311602795315039
3649,0.0
3650,0.0
3651,0.0
3652,0.0771425002256727
3653,0.5505418208701229
3654,0.04419437933687931
3655,0.026618257966359415
3656,0.0
3657,0.0
3658,0.0
3659,0.0
3660,0.047169115002670736
3661,0.1456681009470575
3662,0.0
3663,0.2080706397577785
3664,0.08182285129760825
3665,0.08242271155387026
3666,0.03872891152270164
3667,0.522253449702621
3668,0.0
3669,0.08931521924457186
3670,0.1359025805824121
3671,0.0
3672,0.09931508864688698
3673,0.023882941001667213
3674,0.052922198165020085
3675,0.10731522612312094
3676,0.041795097205098664
3677,0.0028329387528263084
3678,0.04008603050375381
3679,0.06269059359317986
3680,0.047089933155497476
3681,0.6298919774694793
3682,0.03259128930447641
3683,0.09629533608584584
3684,0.12118028494800193
3685,0.0
3686,0.0
3687,0.07143711975067735
3688,0.07448748529377092
3689,0.006445779865940082
3690,0.0708446904533977
3691,0.024347638271597916
3692,0.09676676613652813
3693,0.0
3694,0.0
3695,0.3368608529936017
3696,0.15703243455071103
3697,0.3836441628169043
3698,0.1563959820668357
3699,0.008220314855647892
3700,0.3280312469274902
3701,0.10206068084330511
3702,0.0
3703,0.0
3704,0.0
3705,0.0035646733866734337
3706,0.004294469920096411
3707,0.19733514823909992
3708,0.014009766859384598
3709,0.0
3710,0.0031845795386624687
3711,0.0
3712,0.0
3713,0.0
3714,0.09728026583239746
3715,0.008428969300196876
3716,0.0
3717,0.07602350013848458
3718,0.0
3719,0.09866697863012508
3720,0.06666572440413887
3721,0.0
3722,0.07685327637409234
3723,0.4464197889292958
3724,0.4078948138490306
3725,0.026865716251099236
3726,0.0917972442033399
3727,0.17420150701195958
3728,0.0
3729,0.08482937691026571
3730,0.29510683660267656
3731,0.09068857011881537
3732,0.0
3733,0.0008176267124451186
3734,0.0
3735,0.11341892033874856
3736,0.0
3737,0.0
3738,0.09530648253859209
3739,0.09640438145458763
3740,0.0
3741,0.0
3742,0.0
3743,0.0
3744,0.0
3745,0.017636477256646188
3746,0.0
3747,0.013278463775761473
3748,0.039406465359621556
3749,0.060383206514827314
3750,0.0
3751,0.07784617166763308
3752,0.02303483151632779
3753,0.13816873787597306
3754,0.029369467664770887
3755,0.0
3756,0.41358616424369465
3757,0.07604468742301229
3758,0.0
3759,0.013997153520785233
3760,0.0
3761,0.04463140851576153
3762,0.0
3763,0.0
3764,0.045446879257680095
3765,0.29999249992134835
3766,0.05910327449238384
3767,0.0
3768,0.012460108493670852
3769,0.0
3770,0.0
3771,0.8946561745330182
3772,0.1735781553470499
3773,0.0
3774,0.039813787932075684
3775,0.011146738730430705
3776,0.0
3777,0.0
3778,0.0
3779,0.07187295568494179
3780,0.17397420698356125
3781,0.37609117365378353
3782,0.4594323622907108
3783,0.15599146943556352
3784,0.04172416662607237
3785,0.0
3786,0.022099290760991153
3787,0.4631735653650262
3788,0.08604233218093782
3789,0.10886746689013016
3790,0.12123639440470768
3791,0.3851617545804418
3792,0.02320032856961518
3793,0.19231490901871595
3794,0.14797894298128966
3795,0.006684354887616095
3796,0.0
3797,0.0
3798,0.4641060826848573
3799,0.07910776362526128
3800,0.38762641141950116
3801,0.0
3802,0.10765577386456382
3803,0.0
3804,0.012712569392919093
3805,0.0
3806,0.0875813988752947
3807,0.16157438327228313
3808,0.0
3809,0.029375664635952425
3810,0.0
3811,0.09947187923281753
3812,0.02092970887485368
3813,0.1649652942939861
3814,0.08040099822251445
3815,0.08616342195631965
3816,0.06280856674333801
3817,0.072761527760548
3818,0.02002342483333397
3819,0.22718074205025296
3820,0.24891715180831664
3821,0.022068254406740095
3822,0.1255368459592665
3823,0.0779056831629319
3824,0.10811986461033563
3825,0.053819061246001
3826,1.004683958784069
3827,0.147697743682218
3828,0.0
3829,0.02126781117219334
3830,0.0
3831,0.0850629338818214
3832,0.03695273438330915
3833,0.1937854714857572
3834,0.02218698017234466
3835,0.1255368459592665
3836,0.022656380857423386
3837,0.08995610107354235
3838,0.0
3839,0.0
3840,0.0
3841,0.1972204057193503
3842,0.016489755800434658
3843,0.04069461866446655
3844,0.0
3845,0.31926410807605077
3846,0.0
3847,0.19916153808179882
3848,0.0
3849,0.35129735119597516
3850,0.024063521207667193
3851,0.08800508610066426
3852,0.032630730167456434
3853,0.264979827481751
3854,0.013584056911364328
3855,0.024347638271597916
3856,0.0
3857,0.06909940387556635
3858,0.06772873944058944
3859,0.17718982350218315
3860,0.0
3861,0.0
3862,0.0
3863,0.04829699776540597
3864,0.1493857482599079
3865,0.0
3866,0.085720956461115
3867,0.0
3868,0.0995202661484269
3869,0.0687128979583651
3870,0.0
3871,0.0
3872,0.007547451346428424
3873,0.0
3874,0.0
3875,0.0
3876,0.4571267355658106
3877,0.0
3878,0.05978002883982292
3879,0.0
3880,0.027782084549406783
3881,0.0
3882,0.00969280617383994
3883,0.0
3884,0.14244264827202713
3885,0.13942759679857275
3886,1.2502134745371132
3887,0.0
3888,0.03241149499378615
3889,0.07553402967351985
3890,0.07752017629235297
3891,0.0
3892,0.0
3893,0.14881089724608731
3894,0.1571088888322194
3895,0.0
3896,0.3961342369623697
3897,0.0
3898,0.0
3899,0.16173944559587738
3900,0.0
3901,0.011638533662170936
3902,0.09690828083151626
3903,0.06265255646005219
3904,0.06180733576525821
3905,0.10268639060488205
3906,0.006163257973835989
3907,0.0
3908,0.0
3909,0.13964348683576322
3910,0.015321607408977478
3911,0.18903769376145085
3912,0.0
3913,0.0
3914,0.06213409265763392
3915,0.12786470051190157
3916,0.1593795085269809
3917,0.0
3918,0.0
3919,0.0
3920,0.09824544025313742
3921,0.0204691692293002
3922,0.0
3923,0.08725311395858526
3924,0.07394345706016736
3925,0.0
3926,0.12172070437874627
3927,0.0
3928,0.07216565068527281
3929,0.0
3930,0.018420897080214438
3931,0.011009413370009824
3932,0.032343522156429216
3933,0.1781298564760112
3934,0.0
3935,0.0
3936,0.0
3937,0.018905845720811776
3938,0.0
3939,0.0
3940,0.07673225193112998
3941,0.1623303938812901
3942,0.0855075348862746
3943,0.0
3944,0.046199502524410185
3945,0.0
3946,0.0
3947,0.09163859997956791
3948,0.02167853209904802
3949,0.028361308098557636
3950,0.0
3951,0.1157187232212964
3952,0.05475184670963262
3953,0.09482751085639318
3954,0.0
3955,0.04839462470277933
3956,0.071203381190311
3957,0.17691293333701275
3958,0.08123837325601979
3959,0.34689345733654786
3960,0.0657149464335598
3961,0.15587109062103188
3962,0.07598886658305037
3963,0.09955088552715896
3964,0.333466450063308
3965,0.0704124867348348
3966,0.11399458599567858
3967,0.015894111796241894
3968,0.0
3969,0.22688721550761315
3970,0.16680955106906126
3971,0.43383615164272094
3972,0.15705470673486577
3973,0.7873041393482336
3974,0.07913920427311183
3975,0.0
3976,0.015823107651855572
3977,0.021564255567872337
3978,0.0
3979,0.004520723072295674
3980,0.13205820091730303
3981,0.020972919740490426
3982,0.0
3983,0.0
3984,0.07035721577027942
3985,0.0
3986,0.0
3987,0.14625139440442325
3988,0.0
3989,0.037374554085358724
3990,0.0
3991,0.0
3992,0.0
3993,0.08486389192269428
3994,0.052055331316918085
3995,0.06267174084013405
3996,0.23395252510386388
3997,0.0
3998,0.11736350080689562
3999,0.0
4000,0.018514727382234142
4001,0.11583914493302672
4002,0.10892799891066662
4003,0.047676049373168716
4004,0.014973469564546704
4005,0.2080277256512204
4006,0.0
4007,0.0
4008,0.09174390154409995
4009,0.003452713325834189
4010,0.2211986664161083
4011,0.008471432866630657
4012,0.013413694187599745
4013,0.01724882834901109
4014,0.0
4015,0.0
4016,0.038042404897891124
4017,0.10651149836780771
4018,0.6179280832371852
4019,0.0
4020,0.0
4021,0.06701883037094802
4022,0.11978204755134225
4023,0.07789054886648827
4024,0.022957294003644435
4025,0.012856361282331363
4026,0.20929949721201968
4027,0.008621183171546143
4028,0.026095249762497552
4029,0.0
4030,0.018444316860660948
4031,0.2127642952458162
4032,0.018032478287414833
4033,0.029477315572030705
4034,0.1181565925840884
4035,0.0
4036,0.57485834642043
4037,0.08126483028286113
4038,0.0009326013506489872
4039,0.5838996584109433
4040,0.0
4041,0.0
4042,0.0666375981741254
4043,0.04547556932794805
4044,0.017935620181136258
4045,0.019557477021618475
4046,0.18287837259368978
4047,0.03941548597795652
4048,0.018899258551131837
4049,0.08449903225766509
4050,0.011726533826024621
4051,0.13211571449399528
4052,0.01650197837004974
4053,0.20496974175091687
4054,0.045945241287294714
4055,0.01368135589519337
4056,0.04722592265106318
4057,0.12500529034983998
4058,0.08592716735858996
4059,0.11143566891511014
4060,0.016842450459211733
4061,0.0
4062,0.12253412451360024
4063,0.014729077366837373
4064,0.018341397222937594
4065,0.5708023870374248
4066,0.0
4067,0.041836742096425183
4068,0.0
4069,0.0010672420931845394
4070,0.0964436227277341
4071,0.02290267837257165
4072,0.0
4073,0.044615865680897926
4074,0.0
4075,0.10882336863108577
4076,0.039255155813009424
4077,0.057744855067261014
4078,0.13003310812015734
4079,0.09778722287747854
4080,0.04612781465551041
4081,0.32014021530707204
4082,0.26299612692382013
4083,0.16732719722705802
4084,0.035149491826423684
4085,0.0
4086,0.0
4087,0.0138547297248941
4088,0.3170127460668981
4089,0.0
4090,0.0
4091,0.0
4092,0.02423706689266769
4093,0.0
4094,0.0
4095,0.08957776830008335
4096,0.026474955425491054
4097,0.17114831888059978
4098,0.037374554085358724
4099,0.04208225464624338
4100,0.38987352028634703
4101,0.038927337105665316
4102,0.017251321165232092
4103,0.1947982322678916
4104,0.07232734518882733
4105,0.0
4106,0.19417981031338538
4107,0.1584058698542874
4108,0.21813527932740318
4109,0.10431468610159644
4110,0.02822822314959783
4111,0.0
4112,0.0
4113,0.0
4114,0.0
4115,0.04536932955551887
4116,0.09080742807671616
4117,0.0
4118,0.04697362394691584
4119,0.0
4120,0.14025080211714158
4121,0.0
4122,0.08494223761203745
4123,0.0
4124,0.10625891514995445
4125,0.029751381373932517
4126,0.021168847325832907
4127,0.0022475009552831438
4128,0.0
4129,0.0
4130,0.2835236648343331
4131,0.05299706394293402
4132,0.03310644813876795
4133,0.020605151498103602
4134,0.02685732854473688
4135,0.0
4136,0.07520635900147532
4137,0.1430808462207045
4138,0.08085261170515512
4139,0.04386614541816236
4140,0.0
4141,0.0
4142,0.08368044366263483
4143,0.05430832347552972
4144,0.0
4145,0.07612980622970689
4146,0.09042152852653729
4147,0.12045990498787429
4148,0.02276815555755185
4149,0.0
4150,0.04749238538770317
4151,0.0
4152,0.08612255417245063
4153,0.0
4154,0.0
4155,0.04970444624798809
4156,0.001929278212826624
4157,0.0
4158,0.21811452644056928
4159,0.036001082473447354
4160,0.0
4161,0.011137372752924257
4162,0.0198963168836217
4163,0.3469888924325524
4164,0.21024094459917997
4165,0.0
4166,0.0
4167,0.0
4168,0.008083640592041696
4169,0.043219673497580935
4170,0.0
4171,0.010086720916923753
4172,0.0
4173,0.02422305912253364
4174,0.0
4175,0.0
4176,0.0
4177,0.0
4178,0.0955086869180386
4179,0.03984135185964899
4180,0.22770565957176725
4181,0.0
4182,0.02275596338795527
4183,0.003542401202518697
4184,0.00011704367290565898
4185,0.05500505552916746
4186,0.4724806422537302
4187,0.07574563581797733
4188,0.0664372978301726
4189,0.22895371493395533
4190,0.0
4191,0.04968093952852648
4192,0.0
4193,0.030209367286786026
4194,0.04773300785873413
4195,0.12715295783060743
4196,0.10428498620067206
4197,0.0
4198,0.0
4199,0.09336249091816207
4200,0.09878902071281637
4201,0.10575855109936416
4202,0.0
4203,0.1746327877772309
4204,0.07365550462661652
4205,0.08776626785719976
4206,0.5238542026497663
4207,0.0
4208,0.09337757288520088
4209,0.006729002969493969
4210,0.14212782369823618
4211,0.041915793474881724
4212,0.021296914686581125
4213,0.0
4214,0.12272339323139825
4215,0.0
4216,0.00734274425304271
4217,0.0
4218,0.16841301366473793
4219,0.0
4220,0.0
4221,0.0
4222,0.0
4223,0.07179873503351697
4224,0.0
4225,0.0
4226,0.12987098032360134
4227,0.021682325565000937
4228,0.039554990420530345
4229,0.02029178929272124
4230,0.0
4231,0.0
4232,0.04116384338092871
4233,0.01406784381530013
4234,0.0
4235,0.06037181287075288
4236,0.04520619898787981
4237,0.0
4238,0.0
4239,0.0
4240,0.14373544393197424
4241,0.005115775960478963
4242,0.09269214822129968
4243,0.11229251402010831
4244,0.2474410362406152
4245,0.1080700777242054
4246,0.7966877824574703
4247,0.0981113361216881
4248,0.0316804318556958
4249,0.12783116671273032
4250,0.0
4251,0.5144007342674799
4252,0.12063029295549832
4253,0.0
4254,0.003542401202518697
4255,0.0352977568956554
4256,0.03422975813154672
4257,0.00652348209181941
4258,0.04385719496074891
4259,0.040442729553821444
4260,0.05557801592898581
4261,0.34794324039074453
4262,0.0
4263,0.20984899898914477
4264,0.1067352754758506
4265,0.17379669789914765
4266,0.08270462477570639
4267,0.0
4268,0.16933289781226257
4269,0.011887819931374999
4270,0.0
4271,0.01390053655535084
4272,0.02092970887485368
4273,0.0
4274,0.0
4275,0.0
4276,0.09187539563373726
4277,0.16693905378992557
4278,0.12947473601628445
4279,0.10209685837436133
4280,0.0
4281,0.1679406441272917
4282,0.07556880011038825
4283,0.016004244781186117
4284,0.0
4285,0.03213870439503097
4286,0.0
4287,0.0
4288,0.03788675810666753
4289,0.0
4290,0.0
4291,0.0
4292,0.06765647606865954
4293,0.0
4294,0.0
4295,0.0
4296,0.02530316768397256
4297,0.0
4298,0.7607569665446272
4299,0.0797108228788197
4300,0.0
4301,0.0
4302,0.01582874760585007
4303,0.0
4304,0.0
4305,0.09152272756413993
4306,0.0
4307,0.0
4308,0.018745077167496405
4309,0.017784442822177837
4310,0.0004290783172216095
4311,0.777272871508099
4312,0.11686503585342756
4313,0.12003873970443646
4314,0.0
4315,0.028609761840974635
4316,0.0
4317,0.045569156962542046
4318,0.0
4319,0.0
4320,0.10720460945867138
4321,0.3501447136713809
4322,0.0
4323,0.10148723302304496
4324,0.019556633498571507
4325,0.0
4326,0.07317715114907308
4327,0.0
4328,0.026081075455726577
4329,0.0
4330,0.3363035857904748
4331,0.1835728800833314
4332,0.0
4333,0.0
4334,0.044041862135330234
4335,0.0
4336,0.8736357412791818
4337,0.0
4338,0.10469496563289038
4339,0.06968013643586701
4340,0.027553066600870757
4341,0.11786459684161521
4342,0.10097055586321968
4343,0.2072414031378491
4344,0.04450666718978624
4345,0.03874751654678388
4346,0.020244773187850562
4347,0.06380140888613184
4348,0.0
4349,0.23802564063046194
4350,0.0
4351,0.038747386955881424
4352,0.012574737032987393
4353,0.01853067608364789
4354,0.03234503029957292
4355,0.021275111399721602
4356,0.012135879933947713
4357,0.029630251049675316
4358,0.4329796302289868
4359,0.07425840148896512
4360,0.03919198832943227
4361,0.0
4362,0.06170585036283338
4363,0.0
4364,0.008083640592041696
4365,0.08995490705224363
4366,0.0
4367,0.38544264319541277
4368,0.0740218534188477
4369,0.0
4370,0.0036523627980278306
4371,0.16259776514780633
4372,0.087806700567719
4373,0.0
4374,0.03635304717222709
4375,0.0
4376,0.0
4377,0.09166814477963214
4378,0.0
4379,0.3390883797390538
4380,0.07506014966335695
4381,0.28551896106284325
4382,0.029566953514873262
4383,0.0
4384,0.15256420872901
4385,0.0
4386,0.0
4387,0.047254072139064185
4388,0.028404241070677294
4389,0.5357637015809189
4390,0.06525190148282523
4391,0.07656356997241431
4392,0.19608061999438764
4393,0.0
4394,0.04872515861092985
4395,0.02174490522338779
4396,0.12225098713157578
4397,0.004163982752764639
4398,0.031913300550349355
4399,0.048778994941949705
4400,0.1949497860245888
4401,0.13140033790559968
4402,0.0
4403,0.665343094075936
4404,0.10670619070003262
4405,0.09888178368988054
4406,0.18622016989785273
4407,0.13881836637605183
4408,0.0
4409,0.0
4410,0.07242161500511024
4411,0.0
4412,0.019176434419172494
4413,0.5541218250486724
4414,0.09306335323660431
4415,0.045636325643980236
4416,0.43394076944477167
4417,0.052671751544017376
4418,0.1571531308204941
4419,0.010441949698156705
4420,0.0
4421,0.0023866873137841083
4422,0.050128273154032676
4423,0.15327824669860401
4424,0.0027120423461353127
4425,0.025848537713474506
4426,0.14657314561360568
4427,0.2629537079251705
4428,0.06941696777593975
4429,0.21335248289107955
4430,0.09600467403239854
4431,0.10815521205255774
4432,0.03289344942242778
4433,0.06852733394556143
4434,0.0
4435,0.007185294436501621
4436,0.0
4437,0.0
4438,0.0
4439,0.11141657413714423
4440,0.10641476027651553
4441,0.38259269045013333
4442,0.07108846783127198
4443,0.09955088552715896
4444,0.16057106021723833
4445,0.0
4446,0.0
4447,0.01626777321554762
4448,0.03650037782630733
4449,0.09748692220210842
4450,0.01810105903058723
4451,0.0
4452,0.04175859708767149
4453,0.0
4454,0.016803954680777444
4455,0.0
4456,0.0
4457,0.029688518742023717
4458,0.0
4459,0.06962851583082674
4460,0.0
4461,0.19379995230099833
4462,0.0
4463,0.37967344894868926
4464,0.06619448387705429
4465,1.5530308492573766
4466,0.0001454381711987196
4467,0.009153377204627944
4468,0.03710209913663132
4469,0.007309611054294507
4470,0.005937100818171004
4471,0.0637085388681351
4472,0.5212633754375489
4473,0.0
4474,0.04983920144460274
4475,0.0
4476,0.06024858355409357
4477,0.0
4478,0.7457154672637611
4479,0.009728191442576417
4480,0.018576400110219993
4481,0.1746333954444479
4482,0.0025960433026561702
4483,0.0
4484,0.0
4485,0.014596806270523288
4486,0.0
4487,0.0
4488,0.036655555704021126
4489,0.18864808782181086
4490,0.0858681741396845
4491,0.29999249992134835
4492,0.0
4493,0.03513974405321907
4494,0.010551366678969387
4495,0.015694551965477643
4496,0.0030417908097479796
4497,0.0
4498,0.018623281110830447
4499,0.1456681009470575
4500,0.0976045926261282
4501,0.0
4502,0.0
4503,0.2060819784385357
4504,0.0
4505,0.0
4506,0.09125857334860488
4507,0.19977397681118614
4508,0.053347222415530915
4509,0.031788407792910256
4510,0.027071385924121394
4511,0.18214385972745895
4512,0.258995321620203
4513,0.1344595172936094
4514,0.10857013917362579
4515,0.021827253193333895
4516,0.03333955573319081
4517,0.0
4518,0.0017569347208530317
4519,0.03175935212574377
4520,0.017558051371468153
4521,0.0
4522,0.016500718376442514
4523,0.002752475727462844
4524,0.4092265974989866
4525,0.022689381636091355
4526,0.1801414165337798
4527,0.036001082473447354
4528,0.0
4529,0.04612400500801783
4530,0.0
4531,0.013927383157284368
4532,0.04410736179118668
4533,0.04536855539180973
4534,0.11152622082950625
4535,0.0
4536,0.044736582466955
4537,0.07407612697054233
4538,0.006246456075139406
4539,0.04998951970019405
4540,0.046495537149939814
4541,0.0
4542,0.18836023067285002
4543,0.03422975813154672
4544,0.00011812361988283726
4545,0.28045526882403493
4546,0.0
4547,0.05197116614902608
4548,0.0
4549,0.34509412390973626
4550,0.0
4551,0.28682393684572816
4552,0.0
4553,0.008781656547355077
4554,0.0
4555,0.0
4556,0.0
4557,0.14656069613987377
4558,0.0
4559,0.004263353433454853
4560,0.16574041011082308
4561,0.01786747537013955
4562,0.013231824739352582
4563,0.062102433910066424
4564,0.14870338222127977
4565,0.0
4566,0.02976434941011874
4567,0.01810105903058723
4568,0.0
4569,0.0
4570,0.1182921228828473
4571,0.022730506116399596
4572,0.9157427238667433
4573,0.170789322741129
4574,0.07665680719107737
4575,0.012272099970708439
4576,0.20051524119974928
4577,0.08907211867833187
4578,0.0
4579,0.022445777003749612
4580,0.41925236682740596
4581,0.013016811981945153
4582,0.15308504285938174
4583,0.09162599547683037
4584,0.0
4585,0.0
4586,0.0
4587,0.11332335745209221
4588,0.0
4589,0.30499775367862725
4590,0.11065691329311811
4591,0.0
4592,0.217692326433351
4593,0.14147729798927777
4594,0.05573117485154189
4595,0.1980590630106427
4596,0.1502970297479349
4597,0.6467015348260183
4598,0.0
4599,0.09600467403239854
4600,0.005922982492788442
4601,0.0032980395647177474
4602,0.035863373451416436
4603,0.09756334205761075
4604,0.04377016671832035
4605,0.0824481333892031
4606,0.10150499184979722
4607,0.3151727929587693
4608,0.0
4609,0.14178913413342276
4610,0.1579921146809644
4611,0.02547094826437668
4612,0.022851368779242875
4613,0.0
4614,0.03877099752106972
4615,0.0
4616,0.10181396057287717
4617,0.010269898867453442
4618,0.7417157519029343
4619,0.28521968940049724
4620,0.09861643573404866
4621,0.0
4622,0.07895950356501924
4623,0.011726533826024621
4624,0.007417670736719728
4625,0.0
4626,0.42997217104608954
4627,0.06048994413147124
4628,0.025995866910142773
4629,0.0767581049885333
4630,0.0
4631,0.017090442496883185
4632,0.058976780293701125
4633,0.02179398863697557
4634,0.525892233808432
4635,0.0
4636,0.0
4637,0.10071030481666288
4638,0.12672590548212614
4639,0.021802056935960046
4640,0.0
4641,0.05898993456426993
4642,0.0018269441338425452
4643,0.045108339373904904
4644,0.05729074144551394
4645,0.02787155265298491
4646,0.032575304085247225
4647,0.10058305090888897
4648,0.04572293338184519
4649,0.15602982082771533
4650,0.07447996097144305
4651,0.03563147827283153
4652,0.0
4653,0.0
4654,0.2246578463813691
4655,0.0
4656,0.09827529372716093
4657,0.0
4658,0.0
4659,0.03370222996271277
4660,0.031194459999874802
4661,0.08158131478292763
4662,0.010354260286804085
4663,0.0
4664,0.0
4665,0.02692946591191081
4666,0.2204745926760543
4667,0.022542609588918516
4668,0.09354123782250312
4669,0.0
4670,0.10742980465130181
4671,0.13907841276386712
4672,0.40823982725654506
4673,0.16007558635386054
4674,0.31008968330346764
4675,0.0
4676,0.0
4677,0.018020230640956925
4678,0.014126572090471967
4679,0.0
4680,0.0701870110941556
4681,0.338839972253294
4682,0.0
4683,0.06089259995454466
4684,0.025799256297655226
4685,0.022301576301119397
4686,0.03533169515645884
4687,0.0441292618391218
4688,0.36884036587416436
4689,0.1055133919772473
4690,0.0
4691,0.14996509610027875
4692,0.06389517579399051
4693,0.1571088888322194
4694,0.0
4695,0.051644411902069365
4696,0.0
4697,0.0
4698,0.0
4699,0.0
4700,0.06605337022058766
4701,0.0
4702,0.10484846587667107
4703,0.0
4704,0.03739554043895499
4705,0.037489703538371444
4706,0.10651149836780771
4707,0.013720127456506859
4708,0.05749991886345551
4709,0.05566321971861754
4710,0.03162421585904163
4711,0.0
4712,0.0
4713,0.09890055702333012
4714,0.0
4715,0.1385396068311815
4716,0.07059601661528614
4717,0.13946194733683992
4718,0.03268919477427801
4719,0.04689081262443384
4720,0.017141949474598128
4721,0.14217396266756932
4722,0.0
4723,0.10989196811754098
4724,0.17028164950034608
4725,0.026693711226142725
4726,0.0
4727,0.0853602167676959
4728,0.0346411164547753
4729,0.13623340834535735
4730,0.10278667964265953
4731,0.0
4732,0.04959658271677014
4733,0.0
4734,0.04696041218043945
4735,0.11921465387636321
4736,0.1753687039806202
4737,0.12615931339241637
4738,0.0
4739,0.06287697095747724
4740,0.0
4741,0.04143415189792243
4742,0.0
4743,0.0
4744,0.0
4745,0.0
4746,0.0
4747,0.879589097573255
4748,0.0
4749,0.09070504413049019
4750,0.0
4751,0.0
4752,0.06560255800997172
4753,0.0
4754,0.0
4755,0.0025698222832710726
4756,0.01626777321554762
4757,0.05469569063110491
4758,0.0
4759,0.10894403090352434
4760,0.0
4761,0.0
4762,0.10805068706573895
4763,0.2841621425874603
4764,0.13510120164600892
4765,0.09617054008621206
4766,0.0
4767,0.046220737591270655
4768,0.08757674599266796
4769,0.19756516105489919
4770,0.07704007539340463
4771,0.16040979998594285
4772,0.06988121012410708
4773,0.10098203367364
4774,0.0
4775,0.0
4776,0.0
4777,0.04392816501683061
4778,0.05230478251122861
4779,0.044219368873162246
4780,0.337818384410685
4781,0.013365581346859834
4782,0.09943884865508767
4783,0.0
4784,0.23891024179854536
4785,0.0
4786,0.07190031815325426
4787,0.0
4788,0.07438068472739623
4789,0.18595522499236594
4790,0.005731046263879769
4791,0.0
4792,0.024347638271597916
4793,0.3477529844196363
4794,0.021584680279410406
4795,0.4443661544662225
4796,0.037246466905706654
4797,0.0063275694992475096
4798,0.08971321864008619
4799,0.10236980169726273
4800,0.08069853908340097
4801,0.0
4802,0.03537706783352945
4803,0.0
4804,0.026861153236647617
4805,0.10436747806912372
4806,0.020624744760491254
4807,0.0
4808,0.0
4809,0.046757094898646656
4810,0.02092970887485368
4811,0.021938066425305713
4812,0.2246578463813691
4813,0.3762255261324219
4814,0.2475597648007728
4815,0.0
4816,0.0
4817,0.0
4818,0.0
4819,0.004895098955659982
4820,0.3250338579907348
4821,0.0
4822,0.09541958511522441
4823,0.01990651331904214
4824,0.25502918378944806
4825,0.10829037280672882
4826,0.0
4827,0.009584615764597793
4828,0.2681274481584568
4829,0.012731863100885477
4830,0.04123248734606211
4831,0.0284956126381255
4832,5.267929027663598e-05
4833,0.10512641448715954
4834,0.010873658612886139
4835,0.0
4836,0.0752530308984376
4837,0.0
4838,0.0
4839,0.0011572172172584771
4840,0.010441949698156705
4841,0.06655815648943886
4842,0.006270499260663698
4843,0.035497020082283726
4844,0.05628454248073389
4845,0.3067816201357667
4846,0.003219540900388118
4847,0.15462045255036738
4848,0.04356168255062087
4849,0.0
4850,0.0976045926261282
4851,0.14398077470966175
4852,0.00866674491010766
4853,0.0
4854,0.0
4855,0.46628406867642713
4856,0.0
4857,0.04662487120047398
4858,0.03092792683644152
4859,0.0
4860,0.0
4861,0.01629013252221423
4862,0.0
4863,0.0
4864,0.03725630653919865
4865,0.0
4866,0.0
4867,0.1194213455120181
4868,0.17411182940753633
4869,0.25128080365152616
4870,0.0
4871,0.08220585880880904
4872,0.0030616209317928522
4873,0.04060174298308894
4874,0.0
4875,0.0
4876,0.0
4877,0.0
4878,0.003980546453204781
4879,0.11942089701502834
4880,0.12592719069501968
4881,0.09697743428137162
4882,0.0
4883,0.04809516471227315
4884,0.0
4885,0.021921099889520512
4886,0.4790168384241884
4887,0.030835828444006452
4888,0.08038232468164441
4889,0.05711229261876749
4890,0.216285221028083
4891,0.2923923253403373
4892,0.08537672424945697
4893,0.11755573513976358
4894,0.33980716115821163
4895,0.08516470992626779
4896,0.0
4897,0.6163663280032416
4898,0.0
4899,0.029887959755230398
4900,0.04435430050009437
4901,0.0
4902,0.12309158400015541
4903,0.06467460807763636
4904,0.005690932127075499
4905,0.33527372572284
4906,0.0
4907,0.021427437986241138
4908,0.09365646167159625
4909,0.040186087969130035
4910,0.06385056769352992
4911,0.0
4912,0.4621762927615185
4913,0.01658884285658857
4914,0.0
4915,0.10077673649324126
4916,0.0
4917,0.0
4918,0.25624347903797595
4919,0.030469876295595277
4920,0.08720764258800795
4921,0.0
4922,0.10078403827831472
4923,0.12037195263708078
4924,0.08791845366143658
4925,0.2189280467213468
4926,0.11081782878780011
4927,0.07892519608492954
4928,0.03972115896169992
4929,0.09523763853423795
4930,0.25396829615353145
4931,0.0018080723384494846
4932,0.22646501145215225
4933,0.7397413117311529
4934,0.0
4935,0.0
4936,0.0
4937,0.18337297094839133
4938,0.14216566128049912
4939,0.0
4940,0.0808578904935322
4941,0.721854004645412
4942,0.016941427378006857
4943,0.0
4944,0.09012457696331566
4945,0.3307048959612118
4946,0.18460792812519067
4947,0.10122265669849018
4948,0.0
4949,0.03437197789099056
4950,0.0
4951,0.0
4952,0.0
4953,0.0
4954,0.09684180422421118
4955,0.07976535792072248
4956,0.0
4957,0.22205145564588324
4958,0.14571150190322957
4959,0.09477894989243119
4960,0.14957094548072813
4961,0.007618594453909111
4962,0.0
4963,0.016941494539909563
4964,0.008975011452183601
4965,0.0
4966,0.020141096894533028
4967,0.0
4968,0.024440802329862343
4969,0.0
4970,0.3418454033596854
4971,0.0
4972,0.8706371874116932
4973,0.07591014930218876
4974,0.020755268046559472
4975,0.0
4976,0.0
4977,0.03237049676001469
4978,0.2727257833069485
4979,0.0
4980,0.0896041732713444
4981,0.0
4982,0.07214129118498747
4983,0.13228050954510007
4984,0.23829919899541618
4985,0.43293774319796796
4986,0.26794388237975486
4987,0.08298978397114265
4988,0.03671833903753896
4989,0.0
4990,0.15022057546642564
4991,0.05208524564933459
4992,0.024655801121642007
4993,0.008186501048045969
4994,0.0
4995,0.04654292107773195
4996,0.3119805612944768
4997,0.0
4998,0.08170401704839136
4999,0.06001418341654041
5000,0.0
5001,0.13392397992274585
5002,0.0
5003,0.14231561538225002
5004,0.1435626812707289
5005,0.029920490636508923
5006,0.024583967629843606
5007,0.024347638271597916
5008,0.15751651577364623
5009,0.09017808723649168
5010,0.9399619703609989
5011,0.003094375227045809
5012,0.10288565782235537
5013,0.12481631899250178
5014,0.0
5015,0.009784876656116381
5016,0.0
